anchor_id,selected_k,both_confirmed_replay,replay_cross_epsilon_y_cosine,replay_signature_equal_rate,response_norm_median,response_signal_floor,hold_median_response_cosine,hold_q25_response_cosine,hold_relative_rmse,hold_signal_fraction,validation_median_response_cosine,validation_relative_rmse,k1_hold_median_response_cosine,k1_hold_relative_rmse,cosine_improvement_over_k1,relative_rmse_reduction_over_k1,selected_matrices,obj_pos,speed,anchor_step,alternate_selected_k,k_seed_agreement
611,4,True,-0.3453073268265825,0.6304347826086957,0.0792209795990449,0.001584419591980898,0.9997645874160795,0.999246351043995,0.5306770950304249,0.967391304347826,0.9990670031577219,0.555887906111188,0.9813914967269389,0.9736967826975147,0.018373090689140614,0.4549873179613009,"[[[0.006216755328068749,-0.009589711291383269,-0.011059818517752357,-0.0012332856163319438,0.004510257037252969,0.00515214561602245],[0.010854768036088305,-0.01381847601717536,-0.019084191445403978,0.0011348039969853918,0.0043470806342938585,0.006994094247685212],[0.006448828353166288,-0.008916122516670288,-0.011332410485034208,-5.401268073526627e-06,0.0034477938477397597,0.004606989685733544]],[[-0.0780669735766098,0.015660989660691668,0.04456374954396799,-0.0008695037057363635,0.039790029999960515,0.02232647125574956],[-0.08443988043459222,0.015754439052276793,0.043627647139404285,0.0022636215662280093,0.042955530483808554,0.0252989141057488],[-0.06725718869607288,0.012977122023480338,0.037206187637324244,0.00023127314868769962,0.03434527547306636,0.019489962011383487]],[[0.12282791059385814,-0.034668537571287246,-0.06758448972754139,0.02837688193061459,-0.016221800967740046,-0.005808375189496947],[0.14510010400165355,-0.04025829999207048,-0.08348581548362248,0.035640296788127766,-0.020648176140929033,-0.006100226690148366],[0.10926860937648956,-0.0311755293988456,-0.060922777318488094,0.026042565264639175,-0.01492481025036428,-0.004994046469528319]],[[0.009427868442451292,-0.0015141793452850846,-0.01708011820751824,0.016415117260121587,-0.01673111775231009,0.004577882392530001],[0.014703359948259168,-0.0035844188647070024,-0.026336804712925713,0.023296324412646962,-0.022435434111100744,0.006154306799719386],[0.009169345070396958,-0.0018446247199763912,-0.01665722780749037,0.015348298923057042,-0.015230459912118077,0.004137726363666578]]]","[0.302,0.068,0.12]",1.4,96,6,False
844,6,True,0.6118125949773173,0.6304347826086957,0.03723948972670969,0.0007447897945341939,0.9982705237197886,0.9921299337953873,0.4877944088353105,0.9891304347826086,0.9938045300951364,0.618354802288,0.47907981756995316,0.988720840638207,0.5191907061498355,0.5066409154272047,"[[[0.00045649366767416507,0.00013058147670295462,-0.00017860209451243684,-0.00025694245670560787,0.0009573993160140445,0.0009727276723140715],[0.004960380568644009,0.0014081439103051866,-0.0005573975871826582,0.00046681649309384727,-0.0016152589875985835,-0.0014705781206226201],[0.00471264748438053,0.0013911766189347555,-0.00043646100589752343,0.0004237615240383629,-0.001031362804065678,-0.0009568073162974908]],[[0.01783799656190029,-0.013513438907967327,-0.04301436818288167,0.03704261520836271,0.0004156174097548186,0.03126337442615425],[0.011183089390431744,-0.002770051674514626,-0.013880838127821225,0.011781187502125479,-0.0025725102642086485,0.0055578326520023],[0.011359087408039082,-0.002937629688604444,-0.01417478025821408,0.01231881378178853,-0.002182694055115154,0.005681753011929576]],[[0.0009337023681145844,0.00025696511963713104,-0.0007239524837624399,8.330195729799769e-05,0.00010296728654991282,-0.0013915393801459106],[0.006981664862537292,0.002400565699469132,-0.002556994967566547,0.0009293844571038153,-0.002286849749052435,-0.005468982984945428],[0.006990847622461231,0.002448581309321534,-0.0027604981891532396,0.000941053090857678,-0.0019994824350184157,-0.005873306275538129]],[[-0.003941801011116479,0.0084283986761706,0.023189671200497648,0.02891155605567253,0.006408868739902208,-0.05634273012916329],[0.00464658764709371,0.003831153195232254,0.005959516093958946,0.009243517700409152,-0.0011096974389075637,-0.018951243405472037],[0.004661287425771379,0.003998463843887227,0.006277110501216348,0.00958230149392609,-0.000950998975964488,-0.019163158532317717]],[[-0.006650024119887044,0.0025301059438865366,0.008207401539349584,-0.05371779406658073,-0.012033346417111512,0.030385549186243806],[0.004872899286971118,0.0017167662971235404,0.00045915364152355337,-0.014721096799204,-0.007020653960547766,0.006003881365804953],[0.004580361149430911,0.0016224734869422725,0.0009801973895228351,-0.014898645653874713,-0.007595587484372242,0.0063065173546402575]],[[-0.0006613320817818923,-0.0009385287640297853,0.0008202392474146032,-0.00012043937187747085,-0.0009172572292196204,9.022929604742775e-05],[0.003936059469091915,3.483792900057201e-05,-0.0004831334081626931,-0.00023278044057999507,-0.004256234758187189,-0.0020840961516360263],[0.0033533406756587254,-0.00042800992600707536,-0.00010896718516961214,-0.00031204353286260427,-0.004338854188951192,-0.0018272334144312317]]]","[0.302,0.069,0.12]",1.1,70,6,True
1237,4,True,0.23386815114958523,0.5869565217391305,0.009767466462377954,0.00019534932924755908,0.9589453822081618,0.8381100928358052,0.5843863125392287,1.0,0.9261714009139703,0.823971856863686,0.418164849934571,1.0003210040184023,0.5407805322735908,0.4158012176174618,"[[[0.008359014637678373,0.004153018472988646,-0.0055652162330667105,0.0011954617218141528,-0.0033029283589129403,-0.0013348912704517595],[0.004986225034422062,5.282994897056703e-05,-0.0010205153954821519,0.0014362438175984872,-0.0026370755367478454,-0.0022947685497866576],[0.004281458717638854,-0.0006159910191983224,-0.00040906377383241436,0.0011299143815687756,-0.0028654739635810608,-0.0026754383485643883]],[[-0.0038555232289265817,-1.2475847496942894e-05,0.003670403472269048,0.0021074491109223372,0.0008739837550688757,-0.0007537548349722461],[0.011576382191527266,0.0013800965522932805,-0.0053870877040422364,0.0007812341796919778,-0.005295277108965192,-0.003794335216754101],[0.009089089900236316,0.0012750547175357956,-0.004551765029334739,0.0006436768011734749,-0.003781826145231528,-0.002645434543557994]],[[-0.3836889280903408,0.07595191043330778,1.0758720169088125,-0.4385840379944975,-0.5899277058300574,0.6477740108277815],[0.24172712747357325,-0.04520924846870774,-0.6631225582141634,0.2709660591379856,0.35841806018585226,-0.3984585385300345],[0.26561946317014484,-0.051065037692006265,-0.726971089425716,0.2971081199648399,0.3919635892920056,-0.4383416854891959]],[[0.7068363283149107,0.3692134210383571,-0.758369714047259,0.34616600988515583,0.7886951912299225,-0.4293088160446383],[-0.42368204530916753,-0.2277012794584957,0.46060036849878544,-0.2085339427736741,-0.4915289110120298,0.2573851199773391],[-0.46768974486403825,-0.24841893814650287,0.5059526444823245,-0.22918663368110614,-0.5356778921976875,0.28402633592762855]]]","[0.302,0.07,0.12]",1.2,36,5,False
1375,6,True,0.2424277459191939,0.391304347826087,0.12721880245820955,0.002544376049164191,0.9976228571832589,0.984480464324909,0.4070108573395947,0.8913043478260869,0.9981329642744272,0.6344596704063343,0.09183767122160524,1.0001104059570383,0.9057851859616537,0.5930340741229337,"[[[-0.0550322785799584,-0.02889255874370808,-0.026469954813877834,0.012999378817044351,-0.024456370713787735,0.00714654346624208],[-0.15250048419828663,-0.07605487596346594,-0.12191892404323072,0.0626028772794214,-0.1512977224426111,-0.019238969656584747],[-0.03787059051161218,-0.018468913284390362,-0.03544484683401321,0.018339301006385346,-0.04643777122374111,-0.008958752540122631]],[[-0.033293522507247215,0.06298837312939505,0.008890984506222808,0.01993141167160883,0.059610718111278105,0.03192235660927475],[-0.119111038972417,0.2302078551493556,-0.005073547645330756,0.05887404970459805,0.1875222658532504,0.12149265790743166],[-0.03243251641908503,0.06310203399649232,-0.004420617971383731,0.014989728971180696,0.04892016532838336,0.03372097020456528]],[[0.0007925037925038751,0.0003496917692807096,-0.0005220126204008721,0.00021237457808671002,-0.0003851669372256847,-0.0004911618514035517],[0.001945378163072282,0.0007432115037654421,-0.0008620969378451324,0.0003727308440675306,-0.0009810675945115717,-0.0011620324737837257],[0.00045581331752222754,0.00016237886274960827,-0.00015245890536414816,6.985488955171438e-05,-0.0002331310786037079,-0.000268298740013013]],[[0.030515434418118586,0.014010390684135534,0.019836914078345834,-0.012480528436649336,-0.032255138241985344,0.012877084888116903],[0.15166958230896088,0.07061604329682165,0.08912838878148913,-0.06508881564085249,-0.15761026568130568,0.06302022519557064],[0.04487496434243555,0.02087996165766453,0.025761544413093116,-0.01939737949706712,-0.04629728659354503,0.018532029212478523]],[[0.03537140580490114,-0.009201768307160444,-0.0011260536282768437,0.0006475817148787375,0.004898156061455839,-0.0398495556687428],[0.18726692408701803,-0.0483967157341701,-0.006953897261370165,0.0042434511702865016,0.0276960704508477,-0.21306983779504576],[0.05592581907292786,-0.014453598515003545,-0.002208156494199741,0.0013127885775827998,0.00843065070984107,-0.06382285604801692]],[[-0.009789285987655055,0.0003997150158548974,0.04597070863716337,0.028778735561157304,0.026300111654956295,-0.027482722138775232],[-0.0287906091328521,0.0151399227155827,0.17622252649252093,0.11826048751936195,0.11599243815738135,-0.1309312146996324],[-0.007293774718614203,0.005208857192220299,0.04894037947086557,0.03345039883357336,0.03329629911979088,-0.038364258259159116]]]","[0.302,0.07,0.12]",1.5,66,6,True
1516,5,True,0.07270966207176832,0.6086956521739131,0.5757301276754025,0.01151460255350805,0.976800759097272,0.9137153183020257,0.6490452050436034,0.9021739130434783,0.9200380565516206,0.7535645769386088,,1.000370545440016,,0.35119520661404624,"[[[0.0007846106939072421,0.0026808714768396837,-0.0028693164069616235,0.0023194791643035696,-0.0028821600357629026,0.0004392904594857171],[0.006778020388166167,0.0025724529564029814,-0.001364351393309799,0.0008141868200186544,-0.001290083966121586,-0.003722528012452754],[0.0031172016665292593,0.0016564484892305834,-0.0014833460490443501,0.0015497861578458144,-0.002474902000130791,-0.0011635792817329498]],[[0.31903296436756506,0.23900117371648322,-0.17440895023052444,-0.1725945676196397,0.4160540816767261,0.506357570721087],[1.5573308616948751,-0.7422548073847252,-0.9531984992508382,0.5125848656116385,0.30493873501288654,3.5866100999399206],[1.6372925116050068,-0.15016874848259112,-0.7971427247900457,1.0151535624577113,0.4992516024410097,5.578944906987625]],[[0.08965197198204435,-0.15156052886163263,0.32942793336039455,0.2933435599752504,0.004230834216917668,0.12264861578251407],[0.24838266634682088,-0.33538763278311884,0.6214369367078464,0.6292672801676613,0.0800965877606955,0.22631163081368066],[0.06400248129124779,-0.08860051160707018,0.16466927611654913,0.15009183722817457,0.018009894037162265,0.06723414258120558]],[[-0.1964804934053057,0.14829968196445015,-0.3737700897870976,-0.2511800310503938,-0.04974424828718896,-0.049273534210194515],[-0.4242778602790413,0.30553798688898054,-0.4566349002442957,-0.6348900741642696,-0.0837359464809201,-0.13494056150473616],[-0.0910596394097516,0.06339858061040407,-0.1727337310703376,-0.14382827186152555,-0.02888663332074241,-0.027809143232149464]],[[0.056133632209822086,0.17389652088734053,0.12006440358093225,-0.19917655154145217,-0.09153537688444507,-0.2549316868584807],[-1.040198567375802,1.29974443005471,1.4898148274082548,-0.06751514291287171,-0.1570543387099254,-3.5779826690239718],[-1.5784816803192927,1.9006848409279473,2.025348663532393,0.10453873165896511,0.6204800409455999,-4.49574196145052]]]","[0.302,0.071,0.12]",0.9,102,5,True
1967,6,True,-0.309988822862139,0.6739130434782609,0.06680899212033264,0.001336179842406653,0.9999999480910231,0.9999998223700379,0.5976940767627357,0.8478260869565217,0.9999998947524913,0.6772601354167768,0.9999996352554996,1.000634974588992,3.128355234860436e-07,0.40268520295501675,"[[[0.0012641071646472555,0.004469887391980187,-0.02801580534413226,-0.025844044981431277,0.03040329131077718,0.010526590987332843],[0.0050465540371868465,0.017755760649894786,-0.11128666647246954,-0.10264996576400302,0.12080404524277795,0.041833333413055986],[0.0013472605061688417,0.0047441770994970135,-0.02971960688599926,-0.027413816327278948,0.032258730286915026,0.011171328935036579]],[[0.0011383391608386193,-0.00016742927343274162,-0.000835487692722401,0.0005261753314450047,-0.0006239111998621997,-0.00040447758431579587],[0.004534756348784708,-0.0006773425207292937,-0.0033288285247483652,0.002097874673990447,-0.0024874979231896176,-0.0016080485407754589],[0.001209718244587319,-0.00017957829176744357,-0.0008888559675625284,0.0005591977387258575,-0.0006632584264830316,-0.00042927541930278006]],[[-0.014602705972128595,-0.002508958844440505,-0.0058537731787391715,-0.024786978451069613,-0.026372588735808403,-0.00041015523888798534],[-0.05801587126779867,-0.009955765322840895,-0.023280696622309444,-0.09849476695528703,-0.10468171759438631,-0.001681744729347714],[-0.015492396560034859,-0.002658720868957741,-0.00621524844852314,-0.026302337209741462,-0.02795782981877636,-0.0004481555982613268]],[[0.0013195348582829465,-0.00029109068236861174,-0.00125077173565665,0.0007136203572912762,-0.0006703216308145145,-0.0001982244201342861],[0.005241119923939919,-0.0011537749218563896,-0.004966974065712128,0.0028356555431414457,-0.0026659248828671146,-0.0007905405749039994],[0.0014002647270150172,-0.00030879877885287477,-0.0013272988313300887,0.0007576796580065081,-0.0007124391182909329,-0.00020976367112188462]],[[0.01928284280280796,-0.0038778279071581263,0.029668470461674316,0.016855080533082104,-0.009678492320812589,0.002198774590408793],[0.07659940838046907,-0.015414016480892403,0.11789458442758567,0.06691683021397501,-0.03849401348569902,0.008636759071688106],[0.020455997254468446,-0.0041163154466227056,0.031483394920166614,0.017871171348449382,-0.010278501900572301,0.0023106907515637867]],[[-0.03329189892188063,0.03311228846091112,-0.021736337374942235,0.028049653573398302,0.00890924363532674,0.009863388087742337],[-0.1322272755153211,0.13150780324557357,-0.08635394129273487,0.11143016276715241,0.035391253452009434,0.039213299474157734],[-0.0353127248180832,0.035120313650695206,-0.023060604435329275,0.029758111199640624,0.009451125335454356,0.010472303522039471]]]","[0.302,0.072,0.12]",1.1,102,6,True
2249,5,True,0.4921293594275648,0.5217391304347826,0.01245305452154475,0.000249061090430895,0.9989058119548044,0.991725268332542,0.6314772726161326,1.0,0.9977811521692943,0.648190831274148,0.95035491279932,0.9986941485612026,0.048550899155484384,0.36769703364549755,"[[[-0.21697972678824698,-0.01382363192147372,0.054236444722016185,-0.05131792315221732,0.1990544825308532,0.1278966729493318],[0.02728384248796004,0.003233151286150229,-0.005142196707984957,0.004274598747987638,-0.023714286464758885,-0.017363106059462976],[-0.05642091538197492,-0.0009080978683476909,0.010877529511988287,-0.011981762433381322,0.0559086877286501,0.034240950523402]],[[0.00368610720167204,0.006795740213249417,-0.007799031911904726,0.002597680072917116,-0.0022284382566890347,-0.002268161411629788],[0.018959514401138206,0.004459128493620085,-0.006133963339493618,0.004419493394666804,-0.01217222757293475,-0.011732256349737484],[-0.001610616732087617,0.001988218650656098,-0.0008702826782124192,-0.0012003220167343715,0.0028151008219839233,0.0007869707302255361]],[[0.041861250118155086,0.1905653458920869,-0.2134420380734224,0.056419652240025917,0.14829476719499088,-0.05841622463230816],[0.008152087919998871,-0.013450459961982549,0.014938092875207715,-0.0028344754805748784,-0.019744506836016272,-0.0015401996253823704],[0.020125121355838934,0.0567555827526333,-0.06355135911270572,0.01762498009176997,0.03811301113228712,-0.021275298097276234]],[[0.0024698398868235744,0.0069548354392942584,-0.007570439520684584,0.0022060340654046773,-0.0004294733511238786,-0.0017097729696698904],[0.009402064424167604,0.0016119751361190352,-0.0019850969896766735,0.0014142321201251807,-0.005480678843859588,-0.005432055475828798],[0.008076055206973196,0.003814797536922028,-0.004499655983302072,0.0019633759309268845,-0.004262994564617779,-0.004785074238187744]],[[0.08133468784475792,-0.14053003785016474,0.09417500105891355,0.07726940224530647,-0.3722140984129237,-0.14898727340330334],[0.003175682884084517,0.0149241625882188,-0.010502408883484849,-0.00386059330613606,0.0263899971376218,0.005252889081334246],[0.031307793679004194,-0.03984804722657115,0.02404452350451981,0.021630273259357284,-0.11165257167441645,-0.046334020984337386]]]","[0.302,0.073,0.12]",0.9,92,6,False
2624,6,True,0.022544953841377904,0.6521739130434783,5.5289082039232245,0.11057816407846449,0.999602413922569,0.99880325370613,0.3033579898765009,0.9565217391304348,0.9975185095181588,0.8287666212858519,-0.9212885756091954,1.0005723668840347,1.9208909895317645,0.6968155428665164,"[[[-0.03596215588632858,0.004185642954975712,0.023309110448436764,-0.04473573704500353,-0.030388146842050077,-0.05112240843430936],[4.842635890269435,-1.8937796369632063,-0.23777559874714543,-3.8963560352759274,0.3622425086222393,1.5649433638117467],[4.051661564892827,-1.6111887302665844,-0.23788553910308047,-3.2393038670712686,0.28410670956235495,1.2642990296944514]],[[0.04803358069517709,-0.013829568504932334,-0.0714209918025323,-0.019092011243936825,-0.05729758426515199,0.06617332119323983],[1.4706147595006924,2.9746351104991833,-1.576772633135145,-4.427220838368625,3.5573043346025166,-3.2867025131197614],[1.2548333818132287,2.453526442376201,-1.2879554087313325,-3.6666937922590535,2.97478274145565,-2.687071847354422]],[[-0.04172582019686587,0.05985547075776126,0.002273817029850875,0.206339590681994,0.025819925369581793,0.04359339564353211],[1.5865433115670449,-0.7504160964999085,3.0479411340522495,-3.28175457275126,2.538795934074519,-4.791572131529227],[1.42572418916936,-0.5996494127779683,2.5911779964482498,-2.8007157663042688,1.9483616810125026,-3.9128363930302914]],[[0.02795015192880017,-0.07137594757985447,0.09030762565346785,-0.09004665049712038,0.04981539680585022,0.04429638660529681],[-3.3454332381516387,-0.18722981888925888,-5.623015032688834,3.163522274120202,-3.089010677084469,-0.006406067135756061],[-2.870015602060915,-0.06431134419452753,-4.710765996220148,2.6445525552175253,-2.438513687092968,0.08670304788090392]],[[-0.02784366467545636,-0.12603939747551782,-0.005338059014997735,-0.09564161215642414,0.1620860451339977,-0.1216381731283117],[-1.442828836836875,3.044745977671337,2.469377456146044,3.003047281366304,-3.4654404781566774,3.7605654740966052],[-1.1418803959985957,2.5187818402414828,2.0243856782155234,2.445706321855922,-2.800096724296603,3.1393257202571903]],[[-0.11152165954058793,-0.07388480211965492,0.05164789569430683,-0.17693429426582946,-0.13059182209732711,-0.05361222477583731],[-0.06564090674225767,-1.083872706797474,0.9406654705739839,6.555387583960456,1.3580766457073172,-0.35389681993021704],[-0.10374476764995558,-0.985872637095272,0.7509828784313676,5.412444896306615,1.1274895633867035,-0.34368618781057914]]]","[0.302,0.074,0.12]",0.9,104,6,True
2836,5,True,-0.7032781506552331,0.2608695652173913,0.25469350963335485,0.005093870192667097,0.9999900835891925,0.9999595745037958,0.4306686492874787,0.8369565217391305,0.9999249102377801,0.637453340710709,0.09775113206905928,1.00012170157587,0.9022389515201332,0.5693837573878424,"[[[0.0016256788459428923,0.0019947803918758298,-0.0028904522780469058,0.0011925189081794458,-0.0004803925472869088,-0.000598785827005341],[0.0057026261892933775,0.0010518209050623224,-0.002714913715704882,0.0013914940716492506,-0.0025487893590140226,-0.0021752525179386745],[0.0016530502811099932,-0.0003629285817330836,3.0214161596867936e-05,9.038760890978545e-05,-0.0008449853361147957,-0.0005988023305507943]],[[-0.10743933180608148,0.019211612940035563,0.27364861685395214,-0.07676410901183298,-0.3931943355982629,-0.19161387242744907],[-0.037321208527911355,0.00789800169217508,0.10576210304629521,-0.029564844226327092,-0.15669866302274882,-0.07631999278848846],[0.023440191944716648,-0.003761784583831071,-0.055582598341401473,0.015576938889094288,0.07809416721437815,0.038269798709975614]],[[-0.17499567929324455,0.20380520388602671,-0.04520824789414019,0.3634336286442271,0.18043037863876155,-0.12348070088608376],[-0.06345418747295571,0.0804760695405925,-0.019716990000669374,0.14347063428605994,0.06878223602759584,-0.05023255963242977],[0.03722745028569144,-0.040794009616892966,0.008325706130098904,-0.07278266130190368,-0.03703167745329005,0.024167470321940096]],[[0.02295520747539912,-0.13791941470455427,0.020145976789537636,-0.11603097604846065,0.2653043874543714,0.39517839036389707],[0.014110061181118485,-0.05371682872224359,0.006259794661929016,-0.04429406008304476,0.1019756544510354,0.15305594520967092],[-0.002621038949650407,0.02783891032917947,-0.004651001121787504,0.023856955905390772,-0.0541639249960926,-0.08024504291621334]],[[0.415453113336938,-0.34396846530361563,-0.06667173876175157,-0.1358424972339445,-0.07929706759273619,-0.14438146406264885],[0.167987353178554,-0.13494527098415396,-0.02727249577756785,-0.052237171706134025,-0.033344898008455096,-0.05870180279305869],[-0.08165794660879663,0.06910736733866363,0.013110172951099975,0.027711118652095027,0.015071433222981866,0.028247969508935718]]]","[0.302,0.074,0.12]",1.5,36,6,False
3731,6,True,0.25972326217130487,0.6086956521739131,0.6264095823271072,0.012528191646542144,0.9991846268539105,0.9974661455848088,0.3302122927200122,0.6847826086956522,0.9798704882421422,0.620141883605129,0.027385007528530125,1.0006128175710247,0.9717996193253804,0.6699899432413844,"[[[-0.14615051896752612,0.08265248919717282,-0.04886135364587084,-0.043571734251139846,-0.16720457555303697,-0.12570290375670104],[-0.5758317552182498,0.24915079539773932,-0.1843840797236078,0.0069015907641604285,-0.6763986461570521,-0.23244739668363124],[-0.1626545143668318,0.0652256696271339,-0.052900466492642004,0.01726443546819421,-0.19610642413323304,-0.04607765915896505]],[[0.1774986771230271,-0.12064253468356297,-0.09721250543702205,-0.05590449963876394,-0.10343738198948502,-0.06942699219429371],[0.7957306545310423,-0.4250072892123439,-0.26432736435550924,-0.14600142448393322,-0.14878302590997758,-0.2793411175148258],[0.2375054675888554,-0.1170277571290238,-0.06663385943952341,-0.03508857899496384,-0.02242104301128859,-0.08154348826170421]],[[0.04792843654830865,0.20702646857756515,0.06368832853789799,-0.15593354447029195,0.14609899025420423,0.05181363224996035],[-0.05560024043893704,0.6749371790802867,0.338206774831748,-0.3548565185664411,0.652330670273046,0.19678267101485472],[-0.03410651656307944,0.18168237174068022,0.10303851132102086,-0.07950482637555503,0.19158947775875762,0.05437957256623316]],[[0.02333930718522967,-0.09890031231655733,0.15317956871925018,0.18830575359635365,0.11487818168587505,0.12283145807429127],[0.08065651696668208,-0.31883698202013244,0.3769375874403223,0.516779793636847,0.5976103076908318,0.5714503850239402],[0.024136985910464422,-0.08500878754489571,0.08821785721765833,0.12971340341920173,0.18159657273059895,0.16932445702690174]],[[0.02391552178448031,-0.0709677161798997,-0.01484782652645938,0.02242771711524745,0.05701806140434409,0.0673986338135233],[0.024213121663564263,-0.06477142339929504,-0.014680057066016914,0.02055700872491871,0.052255779431274345,0.05769337777551997],[0.003090877995392066,-0.0004604944600619507,-0.001433757095174989,0.0007869588570306754,-0.0004865824215943414,-0.0020033100452196088]],[[0.0009951814740338327,0.0004752086739669869,-0.0010399419909124634,-4.177537702343411e-05,-0.00032417991650245543,-9.881315310997383e-05],[0.005663356928875618,0.001920407645297266,-0.0042969530427872564,0.0005141224949040398,-0.0026332451412412207,-0.0019572575444531176],[0.003768369230800266,0.0008857243097589876,-0.0021451212257432304,0.000730566099050752,-0.0021056825655985127,-0.0019642318064390183]]]","[0.302,0.077,0.12]",0.9,104,6,True
3833,6,True,-0.3433449274209501,0.6956521739130435,1.3503030991591212,0.027006061983182422,0.9993031028845668,0.9746186294189196,0.5697319256933042,0.6847826086956522,0.9992601553727173,0.8353643889189061,,1.0000655788297417,,0.4303054342096305,"[[[-1.206891536270082,0.08536647473391022,1.4236493621534418,-0.2698224485508666,-0.6962714367355604,-0.3955455594901256],[-0.27811482438268786,0.01635428334648788,0.3311417690615977,-0.05154462805459201,-0.16008697340119715,-0.10619530203664818],[-0.6807481353381656,0.051730901690309083,0.8064229445203119,-0.15391693322062397,-0.3964994611269516,-0.2233950391596424]],[[0.38962838051689863,1.0265604232477286,-1.2682742873066208,-0.9029995087403935,0.17778180254673445,0.07687366234062933],[0.12034554698589787,0.21213899129119845,-0.3114780999941748,-0.20737229778037283,-0.0032373297079401606,0.01705223787660554],[0.25968320357188884,0.5300049285714798,-0.7358441371458568,-0.5116810211511632,0.03006689632793803,0.051558864377034525]],[[2.646733614652669,0.1677955810310075,0.0700012805726429,3.154470377432368,-0.8285351715841017,0.27324931911394396],[-1.5136452930634177,0.1512479577848453,-0.30381909370287546,-2.011856036298566,-0.059183645903185735,0.15894648064328543],[-2.073922186432454,0.2935441565648004,-0.5064806122833326,-2.820967018837794,-0.2529685046804394,0.31860119323394404]],[[0.4443298515790587,-1.1307020062231625,-0.24359336097884804,0.8548750360232943,1.1227605717739926,0.2507790542191832],[0.0934071017340271,-0.27087002688857265,-0.05475144283773551,0.2031084691003069,0.25794113013866415,0.048043152737984735],[0.25967387424616034,-0.6387324803969078,-0.13992224451128396,0.48458658904594837,0.634474249569404,0.1419865526410237]],[[-2.490466606359241,0.7642119599112975,-1.5325291126697258,-3.635479868483138,0.49279695182853084,-1.171719181880369],[1.5299504066337672,0.26877319547893974,0.6391326621354991,2.0770357559771035,-0.10259698363638169,0.24697881424339335],[2.1327759906412296,0.6008730422537291,0.7960708090775768,2.832903064751283,-0.0806449760162611,0.20131092112903645]],[[0.00039147871258506323,0.0004897171786990633,0.0008748824174613459,-0.0032506903476695386,0.0019262389794476463,-0.0011796831940582297],[0.007388706674369805,0.00422978005840619,-0.0008064804523562174,-0.006777186972721915,-0.00023399260027110174,0.0018819334156561084],[0.0034052701682275675,0.0009272979740943416,-0.000197651295055466,-0.0006554765247462513,-0.0008946124935458928,-0.002213880302597999]]]","[0.302,0.077,0.12]",1.2,62,5,False
4342,5,True,-0.41717414593726787,0.3695652173913043,0.2819691192881526,0.005639382385763052,0.9999387950958616,0.9998659439558818,0.420221185604401,0.782608695652174,0.999943878571284,0.6048491301974844,0.9996994358121573,0.9995472388459955,0.00023935928370433235,0.5795884683853884,"[[[0.001552289931281652,-0.0007076134292874863,-0.0023706073930616425,0.0013073201711943034,-0.0006517169789804924,0.00014070543193311794],[0.006320241633882878,-0.002289541560140751,-0.009771353584422134,0.0052147801719919906,-0.0027569646636131716,0.0001959247678918914],[0.001492742427489021,-0.0004525766049171084,-0.0023312369453163916,0.0012161311259774562,-0.0006740458378814365,-1.0460153251866287e-05]],[[0.09496706091702577,0.02378880664869949,-0.09297201601107535,-0.1835490420739451,-0.006920558489131812,0.019953092536414356],[0.39692850282024805,0.09971503828302297,-0.38449317164539126,-0.765697736111594,-0.02931719838371427,0.08284776809853843],[0.09328387209548866,0.024395540077820715,-0.09049528485131825,-0.18289172446776533,-0.00702814978031362,0.019212222468812917]],[[0.0646565878770977,-0.11767986304111812,-0.05348628761100813,0.14896137259235953,-0.07474137030853549,0.0015933178781345377],[0.27032845233098635,-0.48936778128931824,-0.22166527637309696,0.6206057901362695,-0.31394374404324,0.007837300662296272],[0.06456075485747782,-0.11566409722461345,-0.051530445256418284,0.14758017146218397,-0.07594644242663323,-0.0003056531655029404]],[[-0.1870596646422064,-0.022478441083965614,0.018701612526186157,0.018741060631117523,-0.062482924649949,0.07009395364268999],[-0.7815786566484993,-0.09514817722976593,0.07915239410096082,0.07843886087592826,-0.25953872599792854,0.291249285145104],[-0.18956937550001265,-0.025560457447072003,0.021127341349168886,0.01964057120587558,-0.06209087338571255,0.07155185663978839]],[[0.0219490800514709,0.11457217684049642,0.08542120241339195,0.0012295415926535098,0.07621991089122389,-0.015351330601400393],[0.09347071206617846,0.47747623230948677,0.35509878344093027,0.004503744258184704,0.3180697642022276,-0.06259583716724802],[0.02298726142215049,0.11264209020505331,0.08449457522858059,-0.00018482192705670955,0.07424828975320508,-0.014766682749682916]]]","[0.302,0.078,0.12]",1.5,96,6,False
4408,6,True,-0.3352838392646806,0.4782608695652174,7.149413855007262,0.14298827710014525,0.9908378153480697,0.9427791611236831,0.45399430880643754,0.6847826086956522,0.938725514159261,0.8407533116465137,,0.9996446097564797,,0.545844288684722,"[[[1.0183550672689363,-0.15132235141789954,0.8351042340538105,-0.5010863956718492,0.8512272152597852,-0.23768009155040787],[-2.2713364929331763,0.27902472531168804,-1.8861743175838421,1.1993055889863027,-1.9516916497715133,0.5365441352469785],[-2.523638796472508,0.30961586484998194,-2.0985490751700415,1.336586258744714,-2.173815670950263,0.5946085437831943]],[[1.2245130998050808,-0.7691128299798383,1.025409199807412,-1.8802712611754842,0.10609002519401958,0.6241515697904197],[-2.48090982828238,1.7563794533953392,-1.7139186755148537,3.8610613233622293,0.30931915567940776,-1.4774175099950855],[3.894642406585428,3.0417175080132046,3.285505481564875,-5.105727062076104,4.692695672322583,1.6815967433115513]],[[-0.19517611521990463,-2.517369517567162,-1.0474188838613347,0.3377932044894199,0.800120461194799,-0.10118930331703345],[0.4469988888674873,5.25085325503199,2.085100872316493,-0.9054551160546553,-1.1620731697527744,0.09721109207722044],[2.1717414649331896,-9.589908863278183,-3.550899450671634,-4.128144595839595,5.547174463508591,0.013764625746752805]],[[-1.0000196689422207,1.1472246186310142,0.12878238826721672,2.002497612598354,-1.5230717248367431,0.2738718047736079],[2.2007809836467676,-1.984549937662824,-0.42711023195960723,-3.715309722470811,2.816088493264467,-0.27264085939642146],[-1.349547227778664,5.933326775729002,-0.5664087263520101,6.957333265768808,-6.729556969977662,5.17191034451009]],[[-0.7985922081382034,1.3251766467265722,-0.26692427381265815,0.2385506694080569,-1.6489506917832482,-0.8614947692223517],[1.1472808416750964,-2.5501789402717603,0.3058701395767724,-0.5745532708653026,3.190107923291078,0.9315733140809463],[-4.9530046651829105,2.8982485764982466,-1.4059517069978476,-2.8745953427314825,-0.6973476834005271,-6.96538268814066]],[[-0.013129588108241745,0.028778900782674307,-0.030080167355373104,0.01980574280937154,4.3625470201777955e-05,0.002786934414427903],[0.006113923174612844,-0.0010029192879925902,0.0019357936418760051,-0.001406683532193927,-0.0026669858782378177,-0.002993527349310237],[0.009006948865263353,-1.971944763098432e-05,0.0013723864507417562,-0.0012562056216718679,-0.004066674874951391,-0.004331165582014879]]]","[0.302,0.078,0.12]",1.7,64,6,True
6799,4,True,-0.5960455847509979,0.6739130434782609,0.734059536669148,0.01468119073338296,0.9945355197803741,0.9773135479982847,0.5189957982972555,0.45652173913043476,0.9921558172467724,0.692473459401255,,1.000287581698289,,0.48115341248553334,"[[[-0.16479322523183476,-0.12219673682060853,-0.07523851651429043,-0.38629678793560585,-0.13165722451258052,0.2771091006836364],[1.2651164778769208,1.1178414812698634,0.7248124357942937,3.2923758218118846,0.857340524632406,-2.6972554543682095],[1.487671199657225,0.9429598657651755,0.5172717755420727,3.2571332623590132,1.1115468649726048,-2.248815474213919]],[[-0.06952706624175588,-0.10242741310481164,0.37990399042949824,0.04043994549482914,-0.06617972202807249,-0.08205159994257115],[0.8660491252545742,1.0317224727271017,-3.52536607492996,-0.1143144561260899,0.48036723011648935,1.091678422345215],[0.47289959415528854,0.8003803011099562,-3.0954702137932992,-0.39872040963124206,0.5817620817056975,0.5729864465059732]],[[0.08055828530102951,0.26835070761455826,-0.24134199182843413,0.36159655751646524,0.05921473538146638,-0.2127329160785591],[-0.9176361775078867,-2.100504116023937,1.7154455019135806,-2.957661664373847,-0.43590455828644553,2.1023135545001406],[-0.6270680339578284,-2.134543457324337,1.8968790494463341,-2.9888076110551256,-0.5002471965117752,1.590420626622909]],[[0.0014656666440260421,0.0021251616212434113,-0.0031711188691960087,0.0006198701806056094,-0.00023556407995757234,-0.0007610982527189288],[0.007882032378021193,0.001999059659777242,-0.002023586435843053,0.0012011293244756172,-0.004294111782414998,-0.004820716281725456],[0.006277783248735911,0.0022286829965575297,-0.0024844680815880008,0.001984756583530298,-0.004204802707811151,-0.0039071255827221995]]]","[0.302,0.085,0.12]",1.2,90,5,False
8812,6,True,-0.46445340443399163,0.4782608695652174,0.43043905460512955,0.00860878109210259,0.9999999682423938,0.9999999107260862,0.3253786881073963,0.9021739130434783,0.9999999352084927,0.5661158825410091,-0.9999994788591237,1.0000579506939642,1.9999994471015174,0.6746401667207303,"[[[-0.07385820778351707,0.06312134021921723,0.011153839301089949,0.06504836205643563,-0.035685442209023595,-0.030745549372603875],[-0.42498900232043635,0.3630198954999081,0.06417501213129606,0.3741578296441965,-0.20562051411901464,-0.17750821227744049],[-0.10541440532463599,0.09004740334392829,0.015918720333896897,0.09280957504567205,-0.05099511717271598,-0.04401560270373386]],[[-0.019168112085297975,0.036081320859336144,-0.060558507895662576,-0.027708218856550875,-0.06449072826216594,-0.06110382518007273],[-0.11031512301094035,0.20734153248989223,-0.34816456928321043,-0.15960086532831746,-0.37041416767285534,-0.35194406180433685],[-0.027361007620349934,0.05143332363815612,-0.08636641764977303,-0.03958209509597381,-0.09189134130665212,-0.08728962087501928]],[[0.0005626976765123624,-0.00030325713247770077,-0.0008540379402876506,0.0004779224034140816,-0.0002548227251212986,5.6183873733390205e-05],[0.003214161378891431,-0.0017311516179830738,-0.00487898070228106,0.0027280306949233665,-0.0014558977769758325,0.0003203007627899412],[0.0007978496344798043,-0.00043048715109855913,-0.001211233047718499,0.0006770426708730185,-0.0003605117805411911,7.945648899210305e-05]],[[0.05300010273406088,-0.015743517971387174,0.05298244095237655,0.029141956947088824,0.12484634673298482,0.03273855605209014],[0.3050618841353249,-0.09010220781474641,0.30476600116274755,0.16750771295177694,0.7185772928345571,0.18874118159711517],[0.07566519859669397,-0.02235971955989677,0.07559635549788049,0.04155299739081262,0.1782324870270806,0.04680826886083165]],[[0.029260198152002183,-0.07134127977725205,0.002165744859132291,0.04585631976988595,-0.025068625794973494,0.04707568173579477],[0.16856127908262036,-0.41041396175929173,0.01246154309713596,0.2637458785550067,-0.1440342618051445,0.27094717637719135],[0.04180594472276755,-0.10180134383160683,0.003089334769809779,0.06542431121209634,-0.03573061579833154,0.06720515802545003]],[[-0.02207529014665317,-0.045871740313748084,0.010586802506156066,-0.14025537819445077,0.02236464625378326,0.023972215433066803],[-0.12729365252962574,-0.26362886181316314,0.0604990138111075,-0.8070049080134384,0.12817994911629554,0.137756057383159],[-0.031569399775283204,-0.06539719545666703,0.015015462024267248,-0.2001708788227184,0.03180337646388737,0.03417486187817439]]]","[0.302,0.09,0.12]",1.6,98,6,True
9664,4,True,0.1104876642043224,0.5,2.0793927094121543,0.04158785418824309,0.9955330520550568,0.987995715969181,0.5938008474878717,0.8695652173913043,0.9905078390712032,0.6474561379379675,0.6187559517034181,0.9993071074092973,0.3767771003516387,0.4057874270230102,"[[[-0.3168953643381592,0.2910715961570324,0.07303809319256667,0.053983773070039535,1.0196092292494345,-0.24356987198953356],[1.6989636585030754,-0.8343692703401966,-0.13788090491658153,-0.46129442208609905,-3.471467450917606,1.2497990371056018],[1.416634796312059,-0.541880676440005,-0.015100400737916046,-0.33911843755823884,-2.3102100252465565,0.9753073685238094]],[[0.015765836779652632,-0.009691142663684026,-0.013461149627368635,0.009952283083528198,0.026459751069297887,-0.016527905223698205],[0.017117168890837434,-0.010243495383321387,-0.014094856072549778,0.009002290164868974,0.01757561926011892,-0.01833590075347707],[0.026215773752608532,-0.01780018081190638,-0.02303566317164779,0.015127469072779565,0.0365904575927125,-0.02750854386246112]],[[0.1352212271894515,-0.8322838705259662,0.04580024630057702,-0.359054258878716,-0.6841843622361298,-0.17284013239920004],[0.13024223406808813,2.9093210634988917,0.39124805392398737,1.1403791476227478,2.547710284179235,0.6057230956657851],[0.2148000379281562,2.0099889690402137,0.39278600501902683,0.7673536130386622,1.8072439877788806,0.42992953077434654]],[[0.8033372376580851,0.67049188322945,0.07395949566910516,0.14286570222788098,0.5041155056357787,0.5131992552354988],[-3.1229141260525686,-2.133921079323835,-0.8951045664816831,-0.6213667883845038,-1.894852994242062,-2.0859138568935975],[-2.2930537979177665,-1.4409667972679971,-0.769842649640212,-0.43846908049234773,-1.3829767787334002,-1.508166376460366]]]","[0.306,0.069,0.12]",1.0,80,6,False
9829,3,True,0.03123502348351484,0.6086956521739131,0.0008777944875087338,1.7555889750174675e-05,0.9998933990663711,0.9996568120395848,0.5461998889194881,0.9891304347826086,0.999943163513024,0.9207833661830488,0.9997697299395001,1.0001491772803113,0.00012366912687100662,0.4538815795412038,"[[[0.0003696522318400727,5.542744176489636e-05,-0.00011952559727172526,6.454884600221038e-05,-0.00022447287183593025,-0.0002042012706721721],[0.001515249050339863,0.00024263061690643476,-0.0004737747688317517,0.00028983169488986277,-0.0009159764731518289,-0.0008141713319170439],[0.00038412694576430074,5.391904760602553e-05,-0.0001205746824903269,7.839599476275276e-05,-0.0002302905565368953,-0.0002018745985073855]],[[-0.3190934930660703,0.313247883090509,0.17941577622589114,0.10371707283844196,-0.0012472489247598174,0.20787854154334984],[-1.3640936905871914,1.3350004175557653,0.7678517151236361,0.4417243231462015,-0.004028476052129061,0.8881604149286704],[-0.3567932077674868,0.3488478999543984,0.2009096876362948,0.11540297893988574,-0.0009471003177643746,0.23226617609234143]],[[0.24371743571640664,-0.39613375751128016,-0.2679161168049284,-0.08954778964983928,0.03696945900243413,-0.1619456065562211],[1.0369615068871763,-1.6916793398956431,-1.1407183313678684,-0.3827666198555485,0.15898519189573046,-0.6896435426309174],[0.27082956096577754,-0.4423347740731993,-0.2979933905919552,-0.10011341685550201,0.0416617001976147,-0.1801672622787474]]]","[0.306,0.069,0.12]",1.4,82,5,False
11030,6,True,-0.4943836166107882,0.5434782608695652,0.007559917245507804,0.00015119834491015608,0.9915328541946478,0.9509477254850602,0.4753139547382473,1.0,0.9768123218313165,0.8494345188626986,0.7582922349018271,0.999955707582041,0.2332406192928207,0.5246649915248868,"[[[0.5043472818863778,0.4580086737743826,1.4738533063221149,-0.6034586732397837,-1.57278458019075,0.9548213187030686],[-0.34538953280927087,-0.3218737051653766,-1.0444668458761734,0.42725213632071857,1.1060926392129249,-0.6785963033607799],[0.128047976943434,0.11058612243456815,0.35562656627254957,-0.14464960532532792,-0.38300866690670277,0.22830748038455495]],[[0.002605581928448369,0.0012704152938452925,-0.00159515633368409,0.0007926938013409156,-0.00034126256561834356,0.000978184655693743],[0.007916237568511888,-1.5810993873658702e-05,-0.0019526438108149356,0.0014632880201295635,-0.002957205794329613,-0.0021159720838728456],[0.007346398599517658,0.0010393761011746082,-0.0026448469997516722,0.0009844747236193638,-0.004623203487192259,-0.006506203637295647]],[[-1.8536812462198449,-1.1341562120554562,-0.029863307710100234,0.14877960301760002,0.3001288392590913,-0.904921045319876],[1.3179180830089452,0.8017787698456883,0.018213732342344812,-0.10313664600160154,-0.2178156277686586,0.6336730042780537],[-0.4407664555197484,-0.27386431858452415,-0.00930603561995435,0.03700396141973935,0.07056776873200714,-0.2210586014284636]],[[0.005429111301037458,-0.0004206036775557115,-0.001181486858059482,-0.00121191098241652,-0.0012102377699852662,-0.0029001797184359905],[0.00874537679133811,-0.0001297658751685061,-0.0023845466656661255,0.0005301225453750725,-0.004009824538950445,-0.0037179404465457256],[0.005243441027685049,0.0008080770242925504,-0.0017505905476762633,0.00332281214265897,-0.0018935685649960545,-0.0020088351894253643]],[[1.1923701029574616,0.9049601051116312,-1.5745749757601821,0.6712540116931676,1.0871682499441968,-0.3281809658279537],[-0.8319114686235755,-0.6372905279332011,1.1072152811930274,-0.47182255231818043,-0.7715621210418702,0.22711966452187954],[0.2943247549743661,0.21928358259469719,-0.3832845442217457,0.16276034162318573,0.2593499631231164,-0.08089804451633935]],[[0.00046940322529283974,0.00273484544705215,-0.0028708002246044676,0.002920540181272147,-0.002032118072081494,-0.0011224379203371875],[0.006887554504952054,0.0005184321283209125,-0.0026611530256249647,0.0026970485989880793,-0.003157297825264109,-0.0034830245744266602],[0.009005388107279693,-0.00025376047061152247,-0.001768711368545708,-0.001052756894027897,-0.0033533687933448983,-0.0011485130249539854]]]","[0.306,0.072,0.12]",1.7,24,6,True
11438,6,True,-0.09718141809788516,0.6956521739130435,0.1496545999388589,0.0029930919987771784,0.9999979158158298,0.9999929613609285,0.440205955843266,0.9347826086956522,0.9999762060330282,0.6286760091667247,0.9997597764532464,1.0001048823637981,0.0002381393625833228,0.5598402091560466,"[[[0.0011657828578263449,-0.000735227462013504,-0.001832716357826006,0.0007637583774622192,-0.000489157979118466,0.00020886020314666022],[0.004420350599153865,-0.0028121085996702547,-0.006956475320005549,0.0028762035528862953,-0.0018533193110403094,0.0007974879008263192],[0.000788127496107475,-0.0005060820915062883,-0.0012443681897726375,0.0005101139167487881,-0.0003300899894859763,0.00014478866421749646]],[[0.036550075566219274,0.010849013585698277,0.024947376765647906,-0.0486502998665838,-0.013550421815522377,-0.013999984385265217],[0.13644574501624437,0.041610336215154704,0.0949424247080706,-0.183992267504059,-0.050905728268983264,-0.052351373910692375],[0.02387703532945833,0.00755164257348056,0.01705656158886542,-0.03278436521710025,-0.008984869577614008,-0.009181090489990938]],[[0.0018525776524702916,-0.003078745300676268,0.004845344849372576,-0.001635843180275849,0.0037926084887699688,-0.0002803934754459524],[0.007127827073873879,-0.01198705060136713,0.01926290369439153,-0.006787688649530345,0.014823963444193731,-0.001176456987891871],[0.00129993900705508,-0.002219231169890719,0.0036610995245593887,-0.0013561307652766627,0.002755983330547111,-0.00023947562208969]],[[-0.025965235516065072,-0.023475577913286298,0.031990068867856096,0.04715773520613786,-0.016570808130216334,-0.014672030210855004],[-0.09812746572073447,-0.08943613729725561,0.12107465869031386,0.17728914647716443,-0.06183706632180249,-0.05530544714607749],[-0.017466356857721178,-0.016093884176641125,0.02159284689178677,0.03133181968883571,-0.010817103983585919,-0.009807681615092372]],[[-0.008318657197852311,0.027304670285463094,-0.05777538685689324,0.004238709462482445,0.014689123653609438,0.02234961436562127],[-0.03215801706048725,0.10299064078345184,-0.21873158815840207,0.015767972693085,0.05516564662341829,0.0841029254434175],[-0.0059052450940535895,0.0182852174323195,-0.039031133212293984,0.0027425336928730737,0.009736382075881948,0.014878738743626817]],[[-0.0009086596223904713,0.0029141232502880757,-0.003878984824417719,0.00432686996834496,-0.0070947240110111895,0.000677665270816628],[-0.003823313297111159,0.011596086609749307,-0.014750191161333892,0.016790168533564808,-0.027821156219486855,0.0025997895378465016],[-0.000776561425278028,0.0022053975288907975,-0.002646368419199748,0.0030953696525633312,-0.005198629136749265,0.0004714066030626815]]]","[0.306,0.073,0.12]",1.7,102,5,False
11603,6,True,-0.11294925397956952,0.4782608695652174,0.2565068419180344,0.005130136838360689,0.9999999655020555,0.9999998009542979,0.442705810870271,0.8369565217391305,0.9999999484470583,0.5843827405975098,0.9999997605792439,1.0015111464536757,2.049228116085544e-07,0.5579621730243538,"[[[-0.514666616080431,-0.04744652056244457,-0.05231491756530289,-0.43964465324061114,-0.24746113501734276,-0.3531508380717463],[0.033966864926183206,0.0031247086409370802,0.0034250691713467976,0.029048591965271545,0.016317716661855088,0.02332664928022449],[0.014159533979095511,0.001308272514283894,0.001465165886710645,0.012066495718468169,0.0068178425618503945,0.00969833826141495]],[[0.08742804670105044,-0.5921938287828977,0.2760577692211902,-0.07834302685554441,-0.28932880874986205,0.18541849736522734],[-0.005733437894113812,0.039116415825857835,-0.01822499060193876,0.00516441633165179,0.019095934087765738,-0.012260194283864516],[-0.002442329761475162,0.016258763335342097,-0.007594631262219961,0.002163634273085534,0.007959755150695259,-0.0050771642160660725]],[[0.4632581794151744,0.1975700259370472,0.09141481716555697,0.4584091680023966,0.15129263771983845,0.09442492710252041],[-0.03062428957677281,-0.01304924865985438,-0.006021502480599107,-0.030218367878826296,-0.010024416509685498,-0.006184870572918188],[-0.012699678238979089,-0.005425224993799736,-0.0025282076516220907,-0.012653943173334055,-0.0041218843349835315,-0.0026397402784320285]],[[-0.27312675824903365,-0.3146525598866537,-0.7431484362014577,-0.21519614122477465,0.025255267120800725,0.14834912022209115],[0.018018543791667195,0.02082439809964141,0.049061299205068756,0.014192666459421367,-0.0016493020202067849,-0.009842309412514703],[0.007524234722610136,0.008601020547485188,0.020438778131523977,0.005933912196348237,-0.0007181027376482894,-0.004034045557690357]],[[0.0018633903272315669,-0.0003629946336025256,-0.009446918536283362,0.004593457353706643,-0.0004327274176419626,0.0023651894316659397],[-0.00012259826724258255,2.493780762274768e-05,0.0006218797757929613,-0.0003030075938343306,2.7764681025508045e-05,-0.0001554343480458791],[-5.070323349478911e-05,8.049378117344e-06,0.00025824771782778844,-0.0001248818673179745,1.0889573452708403e-05,-6.616406260673228e-05]],[[-0.24364199668069791,0.2823829672207216,-0.4127046579010592,0.3182890904407803,0.5354726926714045,-0.1296394233406477],[0.01607107254348396,-0.018580590980344085,0.027193732923044913,-0.02105626179796325,-0.035355374011508074,0.008566072747370175],[0.006717765786201546,-0.007826837912743387,0.011403871144737347,-0.008704872327691553,-0.014719563768256982,0.0035586089553088316]]]","[0.306,0.074,0.12]",1.2,104,5,False
11882,6,True,-0.4181844096135587,0.5869565217391305,2.1493743186536864,0.04298748637307373,0.9970719104115864,0.9849774730693096,0.3845232441366547,0.5108695652173914,0.9889271906897469,0.6249145492599261,,1.0000146542922639,,0.6154823906967727,"[[[0.0013624685146377336,0.0017648985055386784,-0.0018849466706465747,0.00015434373449468326,-0.0017651469658359078,-0.0010479342172835815],[0.004323146741352341,0.0023043334182094827,-0.0023021852265670806,0.0008367067964127923,-0.0035211128335454304,-0.002836382519420628],[0.004033472886326738,0.0023446190359967946,-0.0024456146091299713,0.0007421667203462042,-0.0032431899110140347,-0.0026051698186004384]],[[-0.11508683848957663,0.04898055022961285,0.508585899616811,0.12971111590886777,-0.6161131680210858,0.08784507938431785],[0.4175999501836606,-0.3226754640762037,-2.615345710115477,-0.7088483230675259,3.7259157871030717,-0.3517482821836661],[0.08979409201833077,-0.461167550846773,-2.802657253593283,-0.8322734544333376,4.7835844552026145,-0.15970226928619424]],[[0.5693471221059275,-0.20473555775149124,-0.24910632147240117,0.6279010108190584,0.1624542516479102,-0.02009823937984057],[-2.920306858159208,0.8729023599325288,1.2956090624978556,-3.180883105738476,-0.7891628331811023,-0.10687982188068686],[-2.976762885009125,0.5188820497678509,1.301055057838106,-3.2265797238071725,-0.643969844057927,-0.5515577017640859]],[[-0.050362646731226215,-0.23825896401528238,-0.49154201491833543,0.6564364694353013,-0.34364129360328055,0.31424818199728155],[0.7952156113618258,1.248088234432944,2.7896250424559934,-3.4278274066705783,1.3748733574575278,-1.497065902554359],[1.7763571204219932,1.2896523466267007,3.464952547877351,-3.6338140587928733,0.7432227736388809,-1.3277531708151895]],[[-0.14818720981957265,-0.4683018907643463,-0.2893904026586837,0.031149284456648475,0.028958155874097974,-0.7573189820851062],[0.5701568169518163,2.347390249060638,1.7081521514455549,-0.4293108714018033,0.15087247494139538,4.045007839784557],[0.23995046060633093,2.3072568788026553,2.1329454808501853,-0.9034620226619797,0.5911973972299464,4.487434435167947]],[[-0.0667770324566247,0.13957778557032602,0.18223391295721497,-0.32115500265031693,0.1992071827809532,0.33338414106007064],[0.2181954240209478,-0.908968734583519,-1.0605067683089588,1.9983376412665854,-0.9628917150905466,-1.8376659633266907],[-0.041253298540718526,-1.2697312575949957,-1.1215145945352765,2.554812049613946,-0.9412907973634239,-1.950821948297353]]]","[0.306,0.075,0.12]",1.0,88,5,False
12358,6,True,-0.35916950172383627,0.5652173913043478,1.7567055717264308,0.03513411143452862,0.9999988627799905,0.9999970591602702,0.32776019201888124,0.6630434782608695,0.9999908943839318,0.6084333974555638,,0.9998277594189925,,0.6721833446499373,"[[[0.0007099394845170524,0.003249534282969799,-0.004372127394765712,0.001118182752620804,0.00013881680846669704,-0.0007455292614531713],[0.010394190334478338,0.002504669610736531,-0.002420763912083868,0.0012236365600293403,-0.005585853064635682,-0.005665713600335373],[0.010613362615172126,0.003641007783760473,-0.004257973834256526,0.0013225738149646028,-0.005864968342954396,-0.0061531467286187755]],[[-0.3818661116570269,2.4655639258857605,1.4166304229818498,-0.27376439530505325,-0.9804190057147603,-0.14872683109355814],[-0.09637584651148126,0.689516727705614,0.3943172009866913,-0.07519868187428208,-0.2794101787173705,-0.04798127908006802],[-0.12348298473835341,0.8659981858173985,0.4940621907823805,-0.09469932747522342,-0.34928010336348886,-0.05801376116831671]],[[-0.004607647433123585,1.790068091641925,-0.21582663693234613,0.7275702078567986,1.775561971059321,0.7956811320449655],[0.008884593398178773,0.5013998662941032,-0.061026129356609934,0.20432256341793664,0.48931797230256624,0.2166093785197324],[0.007999732093317979,0.6280601270994706,-0.07786195173108744,0.2555565185126385,0.6174793299649366,0.27294415059319244]],[[-0.03443121498575672,-0.7724323999113444,-0.514973986652658,-0.2636179009572366,-2.13454278387469,0.8544877842644819],[-0.00040524650630049686,-0.21388033886251195,-0.14453489846472642,-0.07271213233114654,-0.6014296548421233,0.2330163978783673],[-0.0014650515205891469,-0.2681662187742393,-0.1835200036987349,-0.0910158107702039,-0.7537720212926312,0.292369690874812]],[[1.5478911206292727,-0.9453817607593418,-0.5325136556110827,-1.1853053209721944,1.2627712046073793,-0.8750389214986554],[0.4409903401666648,-0.2626199427794821,-0.1497802608415096,-0.33007528121543783,0.34681246473407723,-0.24936488266249746],[0.5533773918531629,-0.32870863840747705,-0.18849077398765232,-0.4131803556684517,0.4356750928491196,-0.3131411857324424]],[[-1.0390990315924353,-1.1070745374323843,0.5525727018640827,1.5277568956347192,0.029202841337991975,-1.1439857585039224],[-0.2802185623644431,-0.3073808261121811,0.1530298928524039,0.427595434921795,0.0028435750779869404,-0.32509810007204665],[-0.3535906726760481,-0.3849576233359382,0.19138585503194086,0.5367954305487135,0.004557379505441929,-0.40711311312263093]]]","[0.306,0.076,0.12]",1.3,56,5,False
15071,6,True,0.21483256515753074,0.5217391304347826,0.07226237343349734,0.0014452474686699468,0.9999995244162967,0.9999988188415189,0.45654413210150696,0.8804347826086957,0.9999963470751545,0.45290087708721133,0.9999992978442067,0.9952943142535442,2.265720899785606e-07,0.5412973574114023,"[[[-0.022367405497415244,-0.014095000180829636,0.012191102040345984,-0.005473704240122822,-0.0015713332952334645,-0.006063634699216416],[-0.16842293238433542,-0.10596368469789536,0.09181198533270775,-0.04178649150917117,-0.011432132555115295,-0.044926220315653166],[-0.05330431512134798,-0.03353728662409149,0.029054615889932786,-0.013216056948235506,-0.003625292722120838,-0.014228786115268177]],[[0.0026520113044076364,0.0033543917182640845,-0.002997468123425908,-0.004708690717933546,0.0004313671432647523,-0.003355777169683242],[0.019925647678444368,0.02470395255571711,-0.022096531705087935,-0.034816463300810944,0.003014346559239429,-0.024746066392300422],[0.006309099008770228,0.007825798511495714,-0.007000436186219674,-0.011029423929602395,0.000956722529759545,-0.007839584709885264]],[[0.001988172951761934,0.006458813016889154,-0.01034151647159506,0.003752374961736349,-0.022163807812939418,0.014951907826590121],[0.01528556640259198,0.048749251929825856,-0.07822382650068449,0.027996119218792033,-0.16674016762507327,0.11226229912008567],[0.0048319678121715014,0.015426016097184268,-0.024751435973937863,0.008863420298737873,-0.05277225919325713,0.03553360360592789]],[[0.00043258276691781857,-0.003069309943841036,0.002388882728753044,3.681354507445625e-05,-0.002287770032891856,0.0028435770616748054],[0.003241193692488084,-0.022479499708335373,0.01748628801497596,0.00032545420913617006,-0.016930591807284887,0.02064081100740615],[0.0010261223453654463,-0.007124178481228654,0.005541535831189545,0.00010270197834445095,-0.005363328903860458,0.006543499133054986]],[[0.0004377440230029351,4.960852934675859e-05,-6.70212370137801e-05,4.554421102582697e-05,-0.0002658087661625957,-0.0002801051878185794],[0.0033045865957965115,0.0003851760338025708,-0.0005047696097303258,0.0003331552213624848,-0.0020076683833780426,-0.002109792115321016],[0.0010457367091844614,0.0001223233975888243,-0.00016031521050178637,0.00010540848238307263,-0.0006354503423365309,-0.0006667193602016459]],[[0.025087256085376916,0.0029836483245879097,-0.013268615487181671,0.0031082245301674496,0.004208813825341976,-0.00888640720999853],[0.18876044804418185,0.02191190308005569,-0.09934168126544878,0.023842583471477673,0.0319177897781113,-0.06698478406821058],[0.05974112128457925,0.006943354176695161,-0.031447102686355484,0.007540586502180891,0.010097216845362168,-0.021197758086165183]]]","[0.306,0.083,0.12]",1.6,70,5,False
15332,6,True,-0.33332433158413505,0.5217391304347826,0.12485531344119602,0.0024971062688239204,0.9938211551691738,0.9224905083451005,0.5354039510360403,1.0,0.9701719881229283,0.672204476126643,0.1785160716744972,0.9990308950043761,0.8153050834946766,0.4640766830001838,"[[[-0.3959240868848186,-1.3795740088738644,-0.7838564139930255,0.6746400074717608,-1.3396933918380856,0.5415122233567626],[0.3782046931996035,1.174272862136587,0.6001543414540842,-0.5303969681455262,1.150436332140857,-0.4505197250875389],[0.013086087096955948,-0.12164795438887659,-0.14799762569561722,0.11711712569970027,-0.15181638919334609,0.018392618615465543]],[[0.024331131691898145,-0.007658819155588102,-0.04789715316358145,0.02214145260644898,-0.006110180606807216,0.010403708227728388],[0.019054692377904046,-0.008839946593308775,-0.016398297055785542,0.012905501559984175,-0.011534859757767305,-0.003251311574410073],[0.021148557899712327,-0.01020320835585401,-0.04173917635169708,0.022313350838506094,-0.010742974610017664,0.003959137331902642]],[[-0.013723906429708175,0.032478843654133616,-0.05772157754185675,0.0364083428944368,-0.010899384039054034,-0.061042486481506564],[0.047768781036452504,-0.05227713888782115,-0.009538514375155308,-0.005616090961303656,-0.005154576745295073,0.06642407522119886],[0.03764781443415945,-0.024331511332893664,-0.03772997286829096,0.01800180897683902,-0.008987562979414856,0.030961096052114032]],[[-0.02970361527726575,0.9218481726849675,0.4289536245019368,1.8410150960275855,-1.1704097234910131,-0.004766606438486999],[0.04893674404291562,-0.7938886818810118,-0.4670397978882453,-1.5397087844992066,0.9840777678844588,0.02675882989033903],[0.0540838584996822,0.04257837039138727,0.006936661996118226,0.23373320596678043,-0.13542981196554008,0.048745822724568164]],[[0.012478727610669375,-0.20275336384362114,-0.39494964417656336,-1.6872429209944044,1.9943358658284167,0.1922025781638145],[0.031814502012466724,0.13242327298284706,0.2867730235659251,1.482150217134835,-1.7291547501381541,-0.16886207291297717],[0.02920681956574812,-0.04791585081045115,-0.05775963520971775,-0.1561724528077019,0.19375466890585566,0.0005394482348769893]],[[0.01496143742501116,-0.05488168252341165,0.0019780671649900334,-0.016914963337431126,-0.004115494442821845,0.03899937944024387],[0.037988762252307115,0.029501423386966832,-0.0829939155593636,0.055132857953588355,-0.013050539790527102,-0.03569245882415843],[0.02076385546324917,0.009561417162859347,-0.05489207881911538,0.03474689990713384,-0.011050373681535035,-0.005101167654412136]]]","[0.306,0.084,0.12]",1.3,100,6,True
18559,5,True,-0.3392651753593836,0.5869565217391305,2.8101740478827058,0.056203480957654116,0.982230828134427,0.8998075534060188,0.6277639821506826,0.8804347826086957,0.8158324362324347,0.7578275197917062,0.22096213740964898,1.0004681371304829,0.761268690724778,0.3725297599669498,"[[[0.21196943970775656,0.6856171849547984,-0.3269967590091449,-0.04834119623873351,-0.17222765819851088,-0.43413906157284904],[-0.9629964128333193,-2.0894998439229027,2.2137809479760273,0.7478222448698029,2.5915918935683715,1.5647656171188498],[-0.9263126923031496,-1.154020342863002,1.6874336021003262,0.6767795993098062,2.4193973462387417,0.8809724561870332]],[[0.08467595598661971,0.15250639081840575,-0.16307024614973273,-0.1373552872538236,-0.1763957613610712,-0.1428296533545601],[0.05713517906481885,0.03397279389232043,-0.06836627642669257,-0.058883414825001826,-0.014974125322817288,-0.20911086433774057],[0.11146812237912769,0.1967807567874041,-0.21230459247648928,-0.17747464130983492,-0.18828710029283116,-0.2715304407789482]],[[0.016339671365172302,0.02027058919069351,0.005015584362879313,-0.0008414013166452287,0.006634668023817098,0.016292433295573817],[0.007618594722147498,-0.014053809280387188,-0.019449234283029627,0.000928276833771146,0.011551807681990505,-0.01214754995052939],[0.02393456476722908,0.01691944147650025,-0.003736762788081377,-0.00043321425104089187,0.010389082212029102,0.01112302897908396]],[[-0.2585193248973924,-0.4795453407940518,0.16663616642648138,0.36553922856981425,0.1805432196346276,0.17483894632223274],[0.2341853117980289,0.25021381517752644,0.004337945648441721,-0.3656484254495033,-0.2328562070774246,0.12730643114071813],[-0.17393645783180148,-0.40067740967658283,0.1837616905955773,0.23060520510039298,0.09140663030443127,0.2428131419577536]],[[0.21617313399129567,-0.06547369807192865,0.20329703427357915,0.15108972193290432,0.9464940035156622,-0.543137064711482],[0.4626593419353462,0.42847653129199575,-1.9150325741008103,0.07651163241368321,-4.127029299135773,2.277058687912709],[0.8729758919938932,0.3285980763582102,-1.6546620416146887,0.22395612129981782,-2.825067097945294,1.4297995111951725]]]","[0.31,0.069,0.12]",1.1,76,6,False
18637,6,True,-0.03032048919416721,0.45652173913043476,0.8353293388634202,0.016706586777268405,0.999999973877783,0.9999999235726417,0.38089319360070695,0.6739130434782609,0.999999967868836,0.5966658819233228,,0.9998863400098698,,0.6190635091615041,"[[[0.049732260252736527,-0.2531449228505232,-0.29101543945721076,0.1928350648742634,0.1084672171270634,0.21513718321221578],[0.17905121145460723,-0.9100228194973929,-1.046524840422202,0.6937728904348391,0.3904254085641968,0.7730831788517042],[0.0473619946027859,-0.24073439368010136,-0.27684218996260995,0.18352058239429855,0.10327843982208228,0.20450976691986983]],[[-0.02663244984524437,0.17590934829082144,-0.039995958775389036,-0.08357214402326675,0.1701819048426989,-0.39616596692553785],[-0.0957448687358579,0.6333929744901481,-0.14396625985214287,-0.3001191416770484,0.6125459322328133,-1.424171267171948],[-0.025327760971202574,0.1675427424441965,-0.03808274787415888,-0.07939039730990008,0.16203288720626402,-0.37674075456845174]],[[0.0971177063496601,-0.15767431425663084,0.49069140556014124,-0.2757128804769226,-0.3948217468960593,-0.2505875435200553],[0.34961064333852976,-0.5668475124690999,1.7646988702188446,-0.9909031999386332,-1.4199676292024768,-0.901532552809735],[0.09248017347957144,-0.14995060014992334,0.4668108757327915,-0.26212724264384285,-0.375622257618821,-0.23847931883837878]],[[0.0003463332689102462,4.057832988842951e-05,-0.00012817431201969016,7.868822106295615e-05,-0.00022690596687839358,-0.0002456673266410936],[0.0012419598631800027,0.00014545059715056168,-0.0004608300201527562,0.0002820394147421502,-0.0008132953923459657,-0.0008805930515198522],[0.00032846299263549985,3.854803205479663e-05,-0.00012208461670771536,7.48188607512751e-05,-0.00021514351649968614,-0.00023306043513863204]],[[0.11954049374030201,0.09775782416587599,-0.2591893209224615,-0.29503963319567167,0.4668222881680988,0.25452756757428896],[0.4297644749586537,0.35211029950973566,-0.9325517107573482,-1.0620451384156981,1.6781985175508545,0.91550187734291],[0.11368614817653354,0.09314162390741074,-0.24668837316606337,-0.280931033853705,0.44394257920763797,0.24217924922561418]],[[-0.20309445008189683,0.021317225168224912,0.17448370914524702,0.027122773071757984,-0.3661062263907085,0.24313033045126342],[-0.731431820734831,0.07722686073529526,0.6277863134971936,0.09696697711753546,-1.3162666459399188,0.8745134993456553],[-0.19347604431201806,0.020422068487280075,0.16606598135482145,0.02565524591720139,-0.34819463574428405,0.2313358329004836]]]","[0.31,0.069,0.12]",1.3,68,5,False
19119,6,True,0.5697925169449027,0.5217391304347826,0.33205849134737697,0.00664116982694754,0.9999812099613818,0.9999097308433146,0.35005340803093166,0.7608695652173914,0.9999465641360228,0.6749392366405766,,1.0007932398139752,,0.650224048180023,"[[[0.11325552733666508,-0.09568640101471217,0.3063964157067568,0.23973784403398274,-0.1556186110959066,-0.45636928739252514],[0.0348699139770069,-0.024373788608676925,0.0816898372088701,0.06504807705153237,-0.03958546307912949,-0.12367143562681326],[-0.01698963346374697,0.016085759391755442,-0.0503172364619695,-0.03885277181457822,0.026393199373506534,0.07413625455414843]],[[-0.579011512044933,0.25229020647603817,-0.10240595147064799,-0.053238802913720726,-0.15021125295947693,-0.07201595241003214],[-0.1508430463668647,0.06604687680630479,-0.028665880486806763,-0.013400970092872253,-0.04025092570284158,-0.020861511793727],[0.09623397361641545,-0.04192997000720328,0.01627857806063474,0.009084917880003172,0.02466981205699847,0.011335238659812584]],[[-0.011695322583311364,0.23327741680631078,0.4081296044979605,-0.3463294624680284,0.5889732844565906,-0.04552201827244228],[8.120399993462206e-05,0.0635219941973656,0.11026292999911622,-0.09171916207212781,0.15609179298613846,-0.013308181518080043],[0.0029617876913390602,-0.037722792611224076,-0.06636551426528396,0.057265281917424915,-0.09691339705725727,0.007194140415033427]],[[0.000377680313661655,0.00118397652165528,-0.0010105638048454409,0.00021399800176835547,0.00039798647444643404,-0.0004402383707364305],[0.002422505906138066,0.0010120903639803034,-0.0005592361770347253,0.0003830647899255899,-0.001238007984802698,-0.0015341899291242461],[0.0007279522017940327,0.00017891087711114688,0.0001198817804663911,0.00011563867415463292,-0.0004330937568970224,-0.00027044724932624286]],[[0.38704409138200024,0.3698176381935536,-0.11043896680097877,-0.02822907744651038,-0.28711924448068354,0.24145806088268915],[0.1038454291984304,0.09783777087141544,-0.029922760426155416,-0.007822412851759756,-0.07808637095307147,0.06124811903499303],[-0.06364139037263017,-0.06091315768296908,0.0179889983919884,0.004685479234424279,0.046560999528846486,-0.04083998972754046]],[[-0.23904516433262551,-0.5630313704830342,-0.39483307081694413,0.11685413388803789,-0.10902588639156019,0.02814472927062852],[-0.06078329272835936,-0.14857188962654108,-0.10419722638874102,0.030141239309527636,-0.03046393376840196,0.005628531893936116],[0.04021156409552985,0.09289400351783754,0.06542236263199937,-0.019552287073210592,0.017384538573500488,-0.005314583306936602]]]","[0.31,0.07,0.12]",1.6,48,6,True
19633,5,False,0.42909367794147585,0.8478260869565217,0.007033872880637437,0.00014067745761274874,0.9224544279577587,0.7814802379099604,0.8091555010432668,1.0,0.941412917712769,0.9827926520935245,0.7701082005940247,0.9995014179042886,0.15234622736373393,0.19044086726773324,"[[[-0.0014055362253375784,0.0028430907099842436,-0.0039979145270733615,0.0015942169963292405,-0.0019203922577014079,-0.0012868578724444955],[0.007552843595438644,0.004252154305280813,-0.0019202128842505716,-0.0016189380503294814,-0.0058604732010811705,-0.005238828671761494],[-0.000501924729420437,0.002603491715503529,-0.003420518922215778,0.002343283510163541,-0.0012248208079859524,-0.001350036404675466]],[[-1.0346952018698188,0.2673545264430559,-0.3103485679240418,-0.18065241884888167,0.0046127778002622195,0.18508748647012493],[0.6272065238442197,-0.2138278227863515,0.12535713308259552,0.019324474960894473,0.03170832006294342,-0.09079470606827997],[-0.4135739421883062,0.03774072806225784,-0.1990593577117252,-0.18179641453688478,0.05356931316510703,0.10043646919866189]],[[0.001758164893062107,0.004360024443264466,-0.00468872865187452,0.0009777603241230978,0.0029960672428711106,-0.0017741063735052778],[0.004554763122286667,0.0039294364795415615,0.00043097141373754985,0.0030145976935094256,-0.0014421396319299492,-0.00612348358594127],[0.0022030026426796377,0.0029954000627097094,-0.003752803250719316,0.0011750698326504503,0.002003717366187417,-0.0025763720855650394]],[[0.003630338156423895,0.004061378519350659,-0.0019345054633179844,-0.00013139729677585357,-0.0033625963262351724,-0.0007777302831404163],[0.0029116385051958845,-0.0010345334675702345,0.0013827905310409543,-0.00018047391975867247,0.0003721838478906718,0.001619364144838749],[0.0027112360372044692,0.0038077151875562853,-0.0008586147538716506,-2.4666018106049348e-05,-0.0032331819000663486,-0.001017958548674532]],[[-0.00020026598893030037,0.0001236771620706696,-0.00020518170924759647,-0.0003715411964545854,0.0011699331074270154,0.0008827228545031227],[0.003473810952170346,0.0005164473354988725,-0.0017003927720778114,-0.0018097125809824518,-0.0009695783999168125,-0.0024864080678273634],[2.219327502234124e-05,0.0004580738383732465,-0.0008448286449977311,-0.0009409211954584808,0.0010753749711964623,0.0007014470989570757]]]","[0.31,0.072,0.12]",1.0,92,5,True
22738,5,True,-0.7673133964168557,0.5869565217391305,0.7191113523713077,0.014382227047426156,0.9999996648583276,0.9999955183201964,0.5217184110548416,0.7934782608695652,0.9999407423837415,0.7812305810386445,,0.9989637445972992,,0.477740394607458,"[[[-0.001552342553585879,0.004451541913465505,-0.0032835029413731246,-0.005919390591779159,0.007035095736180014,-0.005949281342418438],[-0.005635907569716885,0.016070333442618847,-0.011920755390467734,-0.02140977793636955,0.02547016691947377,-0.02175918858218612],[-0.0014765838629414534,0.004213047680953124,-0.0031237559169694927,-0.005610957693031514,0.006677227054659675,-0.005698415998410847]],[[0.0065797004307243615,0.0027517591901173697,0.003183962464268167,0.00972605216013751,-0.0032107277147043066,0.0009241332729617177],[0.023828683844786647,0.00998372455057484,0.011398932772100833,0.03534979829293368,-0.011715228727546287,0.0033008774308154504],[0.006246250745306293,0.002616135643513005,0.002990101892430644,0.009266486657619687,-0.0030714883594974225,0.0008690926494575484]],[[0.1113199559961493,-0.2007715777912615,-0.16608773133581212,0.2148298740823857,-0.06925456802880017,0.210092944101458],[0.42384400126344923,-0.7650019942525398,-0.6338418095376698,0.8189563420680698,-0.264968865060111,0.8003434222381101],[0.1107618727794384,-0.19990585500126742,-0.16561545536764855,0.21400420432171438,-0.0692255293029234,0.20913838290683]],[[-0.006718443080867348,-0.007876024293249755,-0.0012368305807930419,-0.00478141801597312,-0.004052317010859996,0.005917141613381501],[-0.0244204277905057,-0.02863286831877353,-0.004465279234125042,-0.017185425772446836,-0.014812179053462066,0.02144181006599948],[-0.006398900477354757,-0.007508112111975831,-0.001170532877208835,-0.0045071561422824645,-0.0038834377551570606,0.005621378279625646]],[[-0.04041726201707623,0.25794380465188427,0.12608727285521754,-0.1123145043010633,0.07063601592984962,-0.25952964450374966],[-0.15295052130076883,0.9843256932532687,0.48052975574983336,-0.4272247381589586,0.2708033585058503,-0.988173017361713],[-0.03999055143947962,0.2571903100981215,0.12556523621977123,-0.1116439852495072,0.07074032330045488,-0.2582359959447032]]]","[0.31,0.08,0.12]",1.4,70,6,False
26188,6,True,-0.033514641609935406,0.5434782608695652,1.0880269959236322,0.021760539918472644,0.9991732068829043,0.9805859691442179,0.5523025885940219,0.9130434782608695,0.9902307986315022,0.6418961581893281,0.15395686635722974,0.998994022806748,0.8452163405256746,0.4471412481104875,"[[[0.3948723646356277,0.5410834590866689,0.18433760484561468,-0.1346260011112177,-1.7045503746298813,0.13284169281827168],[-0.19785280721594112,-0.33533751647640697,-0.15581484387162028,0.11166978052230661,1.0012638144132417,-0.07115144246039652],[0.03524178300300096,0.008162678358963388,-0.039194188979839846,0.011232658824192214,-0.08009653719727068,0.014010496628522606]],[[-0.0998972087202713,-0.08634225797114431,0.09798658237921398,-0.018288013245962836,-0.006894502949592021,4.065415703896852e-06],[0.09193573077909209,0.031536148270136004,-0.10859060787100404,0.036797961689568406,-0.012281528565537941,0.0008588931793902445],[0.024788430542070552,-0.009795022288914886,-0.04476814505576374,0.02343156609545628,-0.010083072611207684,0.0051720883985713825]],[[0.03412323240203896,0.0010048969587416604,-0.04613306640065452,0.014075747409507433,-0.0073875745429847735,0.010374603780289173],[0.008620912736621921,-0.01484593915955201,-0.025692833170590935,0.02061766616671669,-0.008058245534985206,-0.000848954604487399],[0.025366152301868655,-0.011301295417640944,-0.04281988289314458,0.02090500737905649,-0.012543408196384062,0.0036029164646295933]],[[-0.07342772853150145,0.530718574867632,-0.013668958640503355,-0.28171732100090324,0.7654493719808284,-1.5912386285997657],[0.08111400198845345,-0.3201337827626629,-0.03990279379060727,0.1873547803941396,-0.46510325056366725,0.9484597243657239],[0.015405076436726934,0.004137318964063941,-0.04569081897628018,0.01244821875628902,0.016668683388931235,-0.05536955696854889]],[[0.17407231704620743,0.10000491664935175,-0.20583184986920297,0.15583420923577074,0.001420416218266441,0.06709671761010748],[-0.06561847792782909,-0.07364165749322261,0.06745887278144647,-0.06235545864917416,-0.014477896836795609,-0.03077828373479495],[0.022164703551079596,-0.01116339376309617,-0.040352511844358716,0.01926949704441315,-0.010394318892304886,0.0034166569131134058]],[[-0.31141548191362456,-0.8473299447087029,0.062022345001986334,0.9133463706641936,0.6622254902877617,1.4718898789140626],[0.21334124805989915,0.4986284925393117,-0.07439400578247872,-0.5022176097363412,-0.4083937134886628,-0.8641235247977492],[0.019645895791979638,-0.057443761894307964,-0.04570868623956581,0.05500887880448069,0.011181174817768787,0.054028437415038745]]]","[0.31,0.089,0.12]",1.7,82,6,True
