anchor_id,k,valid,train_objective,train_branch_sizes,fit_median_cosine,selection_median_cosine,selection_q25_cosine,selection_relative_rmse,selection_median_relative_error,selection_signal_fraction,selection_branch_sizes,bic
611,1,True,1.0633656577972457,[240],0.9791963318847164,0.9560065164782092,-0.9510727298915236,0.9851951164582641,0.9657593915947776,0.9875,[80],113.39686706390634
611,2,True,0.6141590781939326,"[141,99]",0.9982450225479197,0.9975197361357727,0.9926007995368546,0.8824827236159086,0.8529738353718815,0.9875,"[55,25]",85.78332831117828
611,3,True,0.4221656928034489,"[88,72,80]",0.9993221072616609,0.9985995956844653,0.99580931971128,0.7820825496080293,0.6644066782986191,0.9875,"[34,19,27]",99.95000249926653
611,4,True,0.24866994777279416,"[66,60,52,62]",0.9998105279172442,0.9997691944827202,0.9989950908851924,0.4103383177649915,0.404143956160842,0.9875,"[25,19,22,14]",77.05701379382282
611,5,True,0.15476162378870606,"[44,48,42,56,50]",0.9998988504021438,0.999844911349998,0.998741064658375,0.5609858113446858,0.3733417242832086,0.9875,"[14,19,22,14,11]",67.37143713753397
611,6,True,0.10692121943980162,"[48,24,43,29,49,47]",0.9999422731432123,0.9998796786027581,0.9994703021397705,0.4754355154184294,0.31240845668196693,0.9875,"[22,5,16,9,8,20]",82.75308250990724
844,1,True,0.7853011942467609,[240],0.48994310430453825,0.4873697987420204,0.34760780592635543,0.9848439917500272,0.962498377818134,0.9875,[80],40.646393136110184
844,2,True,0.5319175366499596,"[77,163]",0.9769977648908604,0.9734062536003342,0.7729880734009298,0.7210821394900766,0.5706453836775226,0.9875,"[26,54]",51.279606255106756
844,3,True,0.31325132403257805,"[77,65,98]",0.9970344499973038,0.9946104654801537,0.9634318667938591,0.5782361191572265,0.3881885745624893,0.9875,"[22,20,38]",28.33590967798358
844,4,True,0.2069062194834242,"[45,69,58,68]",0.99890273612814,0.9985617202433479,0.9936876537374202,0.5518778988801962,0.3706326169061456,0.9875,"[15,21,24,20]",32.93040700739385
844,5,True,0.13063184481060242,"[53,41,45,53,48]",0.9984353607929786,0.9970662797901114,0.9883711487817423,0.48435613140537725,0.2496894676421126,0.9875,"[16,17,13,12,22]",26.69071707287293
844,6,True,0.09560423584728221,"[32,35,46,49,47,31]",0.9993358240055665,0.9982327593343365,0.9900697899494433,0.3989883738721174,0.2369579377719973,0.9875,"[11,11,12,13,20,13]",55.90304188635173
1237,1,True,0.7496548765428659,[240],0.41590142829299687,0.6494216243412396,0.1171201408152043,1.0002180664434697,0.8246357361721849,1.0,[80],29.497338307471423
1237,2,True,0.49059270083885925,"[119,121]",0.9286666393589156,0.8876425143422417,0.6343391079921674,0.9963066078603858,0.6807227391325847,1.0,"[45,35]",31.869794092215727
1237,3,True,0.335318146871339,"[53,94,93]",0.9703515224444044,0.9540414767388132,0.8657886717393258,0.7006813148364316,0.4471775926665988,1.0,"[15,24,41]",44.673658344886974
1237,4,True,0.22612242958361736,"[47,45,73,75]",0.9908244527792568,0.9788508016094069,0.9077266417438737,0.49175373173911596,0.3908509378893405,1.0,"[12,12,33,23]",54.24503063434997
1237,5,True,0.15988692255809195,"[49,53,48,46,44]",0.9949393271485897,0.9846776306771752,0.9257403205819128,0.5782943485137136,0.36123237208544956,1.0,"[15,24,12,23,6]",75.19083136668047
1237,6,True,0.11402824680884073,"[33,42,55,38,26,46]",0.9974372255013233,0.9897529353247023,0.936255693289875,0.5449512640363948,0.36229702826038557,1.0,"[7,19,11,14,5,24]",98.19801859647487
1375,1,True,0.9186452462511141,[240],0.9946444618113253,0.0702039347911333,-0.9825042277394536,1.0002809619549027,0.9961680725249717,0.9375,[80],78.28623998620465
1375,2,True,0.6565523467498576,"[135,105]",0.9986290436530869,0.9982564207963194,0.9917195172333776,0.8482616216803092,0.9633310613477722,0.9375,"[43,37]",101.80295560739997
1375,3,True,0.28625823211010926,"[45,94,101]",0.9979353149642861,0.9981031493087937,0.9940668044285721,0.6100851204221208,0.49465836622323006,0.9375,"[12,37,31]",6.709147851805767
1375,4,True,0.1973975730732319,"[74,40,76,50]",0.9992222212901464,0.9994025935401915,0.9952307836862865,0.46784058320421396,0.3698816807356492,0.9375,"[23,12,23,22]",21.63941208580667
1375,5,True,0.12027343359261718,"[54,57,50,33,46]",0.9986081741243942,0.9985692789161982,0.9931296793213181,0.467262595079798,0.39229605497025094,0.9375,"[13,23,20,12,12]",6.863055186791144
1375,6,True,0.09565276742608904,"[42,46,48,33,31,40]",0.9985934594443008,0.9987577040546254,0.9942666581324964,0.4186846082576545,0.3145797413519166,0.9375,"[8,21,17,5,8,21]",56.024842175640856
1516,1,True,0.9104591151246979,[240],0.7530711734970333,-0.7930829910950485,-0.9058433953648419,1.0002411804961753,0.9998660790353449,0.925,[80],76.1379923198327
1516,2,True,0.7002883485282105,"[131,109]",0.8460590101873752,0.827327767168119,0.6969573784707344,0.9412494215198941,0.9728258067605251,0.925,"[42,38]",117.28049561446737
1516,3,True,0.46717420268658405,"[99,31,110]",0.8838042846238837,0.8919939111597494,0.6750419528124576,0.9225946131405979,0.849248175098386,0.925,"[34,11,35]",124.26304390435823
1516,4,True,0.3372856707454713,"[92,29,55,64]",0.9823861312806123,0.9606682271559641,0.851967939338618,0.7439476263463556,0.6873375917031271,0.925,"[31,10,16,23]",150.2099144405609
1516,5,True,0.21202999490054425,"[54,50,32,51,53]",0.988750581183351,0.9879855129481563,0.9728723853430853,0.5243964537464119,0.3737654812869533,0.925,"[21,21,8,9,21]",142.93345184895247
1516,6,True,0.16445224124945323,"[34,32,56,49,29,40]",0.9891766264771671,0.9896366112578248,0.9660337660609022,0.5571038042358782,0.3250716718647595,0.925,"[19,19,20,8,7,7]",186.07977969427105
1967,1,True,0.5689356864815639,[240],0.9999997460709904,0.9999997443837101,0.9999972697103541,1.0000526012929907,0.9357569904770913,0.9125,[80],-36.705590645774976
1967,2,True,0.34365634782820964,"[73,167]",0.9999998999387636,0.9999998705297362,0.9999993787639658,0.8680679324038442,0.2888271308833035,0.9125,"[20,60]",-53.56350618886893
1967,3,True,0.1465862219733296,"[106,65,69]",0.99999994117648,0.9999998666517675,0.999999731279995,0.640774359206686,0.17013450789705625,0.9125,"[42,20,18]",-153.918174954574
1967,4,True,0.0853601506503908,"[102,38,48,52]",0.9999999470361141,0.9999998922064717,0.9999997448662014,0.5619239725625805,0.17016630896739862,0.9125,"[43,14,14,9]",-179.56229845513985
1967,5,True,0.06277946347287094,"[38,98,42,36,26]",0.999999955353509,0.9999998710370279,0.9999997308538027,0.4886141975354382,0.14872407134371773,0.9125,"[9,39,13,10,9]",-149.17048690637444
1967,6,True,0.04740958886605262,"[32,33,74,34,32,35]",0.9999999548430467,0.9999999310642214,0.9999997839383892,0.417557597233955,0.10747037978448691,0.9125,"[9,9,32,8,11,11]",-112.43118741951582
2249,1,True,0.4504927391020547,[240],0.9796176190648473,0.9831350439778783,0.2942868182241366,0.996983929992256,0.22327276714810412,1.0,[80],-92.72769605604108
2249,2,True,0.3198363124102997,"[178,62]",0.9949304053989196,0.9925104862672693,0.9369481273714074,0.7848921059376902,0.19584057236573227,1.0,"[63,17]",-70.80338490332235
2249,3,True,0.19186826416675937,"[143,51,46]",0.997880942792881,0.9976016538641892,0.9920762591493135,0.6972108590000843,0.1897180714744546,1.0,"[53,16,11]",-89.31132427125709
2249,4,True,0.11804562480124957,"[29,46,49,116]",0.9992341467894621,0.9988524304826243,0.9941304741896011,0.7158251464056404,0.13257061919674934,1.0,"[6,14,14,46]",-101.75625956261604
2249,5,True,0.08014695610166053,"[112,23,43,29,33]",0.9994304643771695,0.9994785013043795,0.9969560877405614,0.46355551319332383,0.09987972504192222,1.0,"[46,5,13,7,9]",-90.55435196644407
2249,6,True,0.06521337676346067,"[21,111,17,36,22,33]",0.9994900049745825,0.9990128617903048,0.9970506189027906,0.48503044506755744,0.12630687642174102,1.0,"[8,43,9,6,8,6]",-35.90956150457612
2624,1,True,0.9718351386341871,[240],0.8333252422988163,-0.8748046478169039,-0.973432412517774,1.0006281155346208,0.998902679583012,0.9625,[80],91.79491677235576
2624,2,True,0.6236396629311336,"[120,120]",0.9990652759950168,0.9981204456727861,0.9834935682107248,0.782617801920916,0.7226993304776077,0.9625,"[40,40]",89.45983040520167
2624,3,True,0.20542562643763537,"[90,67,83]",0.9996409091500564,0.999404184107627,0.9986481598643471,0.5114053830255807,0.42410419524357934,0.9625,"[28,22,30]",-72.92531446043245
2624,4,True,0.13882442764972355,"[61,56,68,55]",0.9995957457312921,0.9990922100357165,0.9977043117784977,0.43937867680388754,0.3500499224749861,0.9625,"[27,12,18,23]",-62.84294187289913
2624,5,True,0.09806443306430858,"[46,43,49,57,45]",0.9997010153113612,0.9993961668040295,0.9981078917988573,0.3740822246432851,0.32135184018859064,0.9625,"[17,10,19,15,19]",-42.131269872004395
2624,6,True,0.06860110773815306,"[40,53,21,40,45,41]",0.9996835299129416,0.9992634396139191,0.998093778140977,0.32724548178358553,0.19488728429072388,0.9625,"[17,11,12,14,7,19]",-23.754984844959154
2836,1,True,0.7984584831660598,[240],0.5685769884072909,0.7590349593306359,-0.7754380031663319,0.999344262166943,0.9941805948433717,0.7625,[80],44.63414712997787
2836,2,True,0.502452028595189,"[148,92]",0.9999783999879645,0.9999909500270028,0.9992227252622193,0.7947750637251223,0.7620768542012701,0.7625,"[50,30]",37.602413982476946
2836,3,True,0.2272773458933073,"[76,69,95]",0.99999529861845,0.9999863203490011,0.9998641901178665,0.6063152268431139,0.42295849921454576,0.7625,"[24,25,31]",-48.66443290088472
2836,4,True,0.1271894281738107,"[55,60,67,58]",0.9999964854320881,0.9999979761856611,0.9999901146126782,0.4287746847021018,0.22642449188146557,0.7625,"[21,16,19,24]",-83.8507391584402
2836,5,True,0.0681341433436842,"[44,47,45,49,55]",0.9999978093790297,0.999998150911628,0.9999829376599823,0.3365088329208109,0.20464502098984477,0.7625,"[13,12,14,20,21]",-129.52637819435688
2836,6,True,0.048191217809340214,"[36,30,40,54,45,35]",0.9999979700547158,0.999996538432834,0.9999841268925215,0.33288179213936175,0.17000570671869925,0.7625,"[7,12,17,20,15,9]",-108.50663629890948
3731,1,True,0.8788507623048258,[240],0.7751518498203601,0.7112856953956236,-0.7017301474782499,0.9998270673154621,1.0008525137403432,0.75,[80],67.6578581558513
3731,2,True,0.5534000188212069,"[153,87]",0.9971672103954514,0.9887673840495146,0.8904181735277252,0.8300275157556048,0.8645863028757673,0.75,"[54,26]",60.781837535050414
3731,3,True,0.2706563692567181,"[76,80,84]",0.9985502228323044,0.9983785247234817,0.9944876059389725,0.5945630080014179,0.5593760983277595,0.75,"[40,21,19]",-6.7414857721253725
3731,4,True,0.1453454538327053,"[53,52,64,71]",0.9977613120490536,0.9968955314877417,0.9925240886908397,0.5094303187501825,0.40280816105593126,0.75,"[11,15,33,21]",-51.826143912671
3731,5,True,0.09694935705379587,"[44,36,53,48,59]",0.9989677772813469,0.9984809041543665,0.9928054442327066,0.4310118006923168,0.3720789415037573,0.75,"[10,8,22,11,29]",-44.87590817671685
3731,6,True,0.08077369751984433,"[38,44,56,50,15,37]",0.9997295499397301,0.999572547562879,0.9972244833893632,0.38508753057273243,0.2827289688111102,0.75,"[14,13,25,11,9,8]",15.447264210942308
3833,1,True,0.7393488446679984,[240],,,,1.000091102755777,0.9990977649245981,0.7625,[80],26.174999869138574
3833,2,True,0.554284786211873,"[84,156]",0.9587857560241551,0.9604825069639433,0.5410531556357892,0.9365341157935824,0.9158902039926429,0.7625,"[29,51]",61.16523941608028
3833,3,True,0.36731231975137213,"[70,95,75]",0.9655750262873577,0.9292811535009857,0.5816661760680362,0.8485637200706254,0.6877117820475069,0.7625,"[31,26,23]",66.54551122742018
3833,4,True,0.26370632006321043,"[85,37,53,65]",0.9896434841588347,0.9597258484015994,0.7920547689421064,0.7617482349649949,0.6252777356840689,0.7625,"[22,9,19,30]",91.14730668065425
3833,5,True,0.1881751753737528,"[36,48,81,28,47]",0.9997594590394673,0.9992363353824799,0.9350893549466129,0.6300375984216602,0.5703140904708339,0.7625,"[14,18,22,9,17]",114.28838693245314
3833,6,True,0.14219633899490808,"[49,37,42,41,36,35]",0.9983553224128654,0.9990361346601397,0.9667571465735197,0.5972345367109866,0.347614447742948,0.7625,"[16,15,9,5,20,15]",151.18103655943742
4342,1,True,0.7863206006813599,[240],0.9997960064915081,0.999645314623618,-0.9999029351955209,1.001601781052484,0.9947606435340353,0.825,[80],40.95773722589632
4342,2,True,0.4918076946621909,"[137,103]",0.9999331857153013,0.9999012604307409,0.9998119527443649,0.8668998251119967,0.7525286348240914,0.825,"[50,30]",32.46343934645046
4342,3,True,0.22065761648662263,"[61,92,87]",0.9999738354591297,0.9999429151122758,0.9997960439798328,0.6540578583248482,0.5415878498515785,0.825,"[24,28,28]",-55.758546401998615
4342,4,True,0.13831338755000538,"[63,54,60,63]",0.999983389297742,0.9999597502111672,0.9998364655992455,0.5211101974246183,0.3045755841630071,0.825,"[18,16,26,20]",-63.728059357568554
4342,5,True,0.09656635789362197,"[53,43,48,52,44]",0.9999848906339583,0.9999816132404897,0.9998443464381881,0.4859268881098255,0.2726079336941473,0.825,"[26,16,15,16,7]",-45.825907699869276
4342,6,True,0.08046216970220166,"[46,32,42,54,20,46]",0.9999843377974271,0.9999624819599079,0.9998893661550797,0.4952640672970138,0.32309444547159344,0.825,"[11,11,13,21,9,15]",14.519843153085503
4408,1,True,0.7338528825939012,[240],,,,1.000049079794564,0.9991584282234467,0.6875,[80],24.384291926492693
4408,2,True,0.48029489649995355,"[153,87]",0.9679403184057767,0.9758558543560644,0.6697860176812459,0.8577468307161065,0.8636353124189449,0.6875,"[59,21]",26.77844111920342
4408,3,True,0.2924245643066405,"[96,73,71]",0.9730823144303582,0.9540782135958756,0.7716843026772413,0.6408633739916211,0.5516899490793005,0.6875,"[37,19,24]",11.824128816321775
4408,4,True,0.21065464309346008,"[58,57,48,77]",0.9791422240710639,0.9806900307495203,0.9217153095393268,0.527579738147419,0.4148209903725716,0.6875,"[16,16,16,32]",37.23945947730135
4408,5,True,0.14930319897489194,"[38,54,24,53,71]",0.9876755317361343,0.9757621072258833,0.9352915958282082,0.4688102099006331,0.3409685746876825,0.6875,"[13,18,7,13,29]",58.75378323167388
4408,6,True,0.11368036846774472,"[33,30,37,30,45,65]",0.994614172261943,0.9822657759563949,0.9600430694353659,0.4328695464034754,0.3294356311817875,0.6875,"[11,5,14,12,11,27]",97.46470539515553
6799,1,True,0.5459000523260993,[240],,,,1.000169272674718,0.9981228803031261,0.6125,[80],-46.62514922181077
6799,2,True,0.33876985338008686,"[71,169]",0.9900229354877539,0.9850472886357373,0.9721699491314229,0.8461085197740952,0.5493901628339805,0.6125,"[24,56]",-57.00059201430639
6799,3,True,0.1733548459566339,"[59,53,128]",0.9936379095358432,0.9900007215091011,0.9732584694480325,0.6827516416189061,0.2818753788831545,0.6125,"[13,25,42]",-113.66373688988932
6799,4,True,0.11521414694139812,"[40,116,36,48]",0.9945603172593251,0.9966299998735629,0.9857748741976605,0.5484714154272886,0.2762950793959339,0.6125,"[17,35,14,14]",-107.58313713718462
6799,5,True,0.07750029711297594,"[16,110,39,43,32]",0.9987683265119918,0.9981621528976046,0.9914756524138865,0.549449643672796,0.20119034948977144,0.6125,"[5,32,15,11,17]",-98.61358334530064
6799,6,True,0.09623036582979425,"[30,91,44,20,34,21]",0.9976682808742953,0.9964489119596922,0.9834060596552079,0.5617831271645781,0.22342695124107637,0.6125,"[11,31,12,7,15,4]",57.469722017146864
8812,1,True,0.9081085300261549,[240],-1.773046097719444e-07,0.999998532929296,-0.9999998504330081,1.0000961445622,0.9951519602877288,0.8625,[80],75.51756916502649
8812,2,True,0.8879663800712689,"[110,130]",0.9999999650574697,0.9999999704966764,0.9999998793168099,0.8641441524025374,0.9449695911064444,0.8625,"[34,46]",174.26650488682455
8812,3,True,0.2530419898721172,"[107,32,101]",0.9999999764856808,0.9999999805944942,0.9999999367703752,0.6586278199546253,0.5263220302408229,0.8625,"[33,15,32]",-22.892180969275614
8812,4,True,0.14591417473778331,"[70,66,77,27]",0.99999997726079,0.9999999842508923,0.9999999468484257,0.5783876556492498,0.465530208456127,0.8625,"[23,18,26,13]",-50.88888260144796
8812,5,True,0.08879709925363918,"[54,55,25,50,56]",0.9999999744169364,0.9999999768801889,0.9999999327256553,0.4348251017304474,0.27343945819497995,0.8625,"[14,20,11,17,18]",-65.95625214509653
8812,6,True,0.054653452445865884,"[40,45,40,40,50,25]",0.9999999795114517,0.9999999833613621,0.9999999304381328,0.3713266856329609,0.23121682856641992,0.8625,"[13,14,14,11,17,11]",-78.30609588566585
9664,1,True,0.9477650080095595,[240],-0.39792782836831486,0.3544133906202729,-0.5984833788584675,1.000291372266377,0.9995621973083022,0.8625,[80],85.7758151878308
9664,2,True,0.7271933406559844,"[105,135]",0.990537118364193,0.9823764937625952,0.8872816030296203,0.8612073642926863,0.9112095253572183,0.8625,"[32,48]",126.32854568175661
9664,3,True,0.41807713813643044,"[93,61,86]",0.9956236898274582,0.9931661103827729,0.9823940197497947,0.7301792579868346,0.6589416363197511,0.8625,"[26,29,25]",97.61434231033613
9664,4,True,0.3612207901203273,"[68,60,60,52]",0.996879405793036,0.9965347019845424,0.9857251293786702,0.5592750611427451,0.5408173288380169,0.8625,"[23,18,23,16]",166.66410310111374
9664,5,True,0.23483354874444654,"[32,20,60,53,75]",0.9969460846116024,0.9956690532295799,0.9889957819321059,0.6241800142124999,0.5798859379748245,0.8625,"[19,7,14,18,22]",167.4492622297468
9664,6,True,0.1458855379342428,"[30,57,66,16,23,48]",0.9976231271200671,0.9971216350707442,0.9919669897484269,0.573730720245997,0.30978569385099264,0.8625,"[11,20,16,9,10,14]",157.32828997671083
9829,1,True,0.25080919852636285,[240],0.9997755583572777,0.9996505975385923,0.9915593256391158,1.000291011438023,0.08454395985533483,1.0,[80],-233.28356997729924
9829,2,True,0.14714811434038508,"[208,32]",0.9998900885805616,0.9997104870556228,0.9982418570241804,0.8546482512698373,0.08344302689858843,1.0,"[71,9]",-257.1321083783772
9829,3,True,0.08589952444005187,"[23,192,25]",0.9999218236554921,0.9999012280436903,0.9995331725664656,0.5624820289419192,0.0781954320859785,1.0,"[9,58,13]",-282.1826969836176
9829,4,True,0.045029277820214805,"[73,119,21,27]",0.9999139925193691,0.999872340634792,0.9992180290971057,0.6557444607299833,0.060144396771476885,1.0,"[18,43,10,9]",-333.0582525601751
9829,5,True,0.034104449529797874,"[54,22,68,26,70]",0.9999214581238041,0.9999321524320144,0.9996165766362597,0.6139959266110283,0.05752405082989504,1.0,"[16,12,23,12,17]",-295.61852163631386
9829,6,True,0.025828285008072882,"[17,61,63,15,16,68]",0.9999182691990907,0.999909438079251,0.999582961698784,0.537992843613031,0.06281946007630917,1.0,"[7,24,18,7,9,15]",-258.1962183255729
11030,1,True,0.583558405161902,[240],0.703209555775484,0.6437452908595989,0.05702745350849175,0.999872728678153,0.8755650048001651,1.0,[80],-30.615076434660153
11030,2,True,0.4212740810701131,"[114,126]",0.9313526776755925,0.8447175754406173,0.23566404320965853,0.9995612082701804,0.6277720341504605,1.0,"[36,44]",-4.689551805399674
11030,3,True,0.2721830224479145,"[47,96,97]",0.9718577574778178,0.9701223532753163,0.8171905224243642,0.7944971285545698,0.4213185824736232,1.0,"[16,36,28]",-5.3915552495011525
11030,4,True,0.1655279154571767,"[43,34,78,85]",0.9858710435626437,0.9841360251478171,0.9006267179800684,0.6227332963276365,0.4272307599305013,1.0,"[12,12,29,27]",-20.61978273291703
11030,5,True,0.11190668665948114,"[65,45,33,64,33]",0.9942372650400406,0.9875377404160708,0.923479997895033,0.6470124504519985,0.362752148965307,1.0,"[18,10,12,21,19]",-10.44151955292898
11030,6,True,0.0770135440678829,"[36,20,68,30,28,58]",0.994306531503867,0.9928148139036392,0.962161489369362,0.4508026794045283,0.2762014268351378,1.0,"[17,4,16,13,11,19]",4.006444190999673
11438,1,True,0.9110039578651878,[240],0.9999394886963634,0.9997654454505144,-0.999887491575675,0.9983859865222399,0.9969534380057782,0.925,[80],76.28157169133534
11438,2,True,0.9155567648802242,"[118,122]",0.9999648403882191,0.9999562056875312,0.9998766174337699,0.9318446854119811,0.9374695924853427,0.925,"[45,35]",181.61014115132036
11438,3,True,0.5413643281287073,"[70,97,73]",0.999996127157896,0.9999962745604387,0.9999835209148532,0.586909251504566,0.5415767077537443,0.925,"[20,38,22]",159.63670958579635
11438,4,True,0.3289253260135088,"[49,42,73,76]",0.9999975572252917,0.9999970639156229,0.9999841478406897,0.5937828382732118,0.5042867639188473,0.925,"[22,13,18,27]",144.18603287090656
11438,5,True,0.1648110659721703,"[34,28,75,35,68]",0.9999993272397742,0.9999990915798844,0.9999961754916797,0.47316499883199997,0.24904064738420223,0.925,"[15,9,21,13,22]",82.47073498493882
11438,6,True,0.09195061837701136,"[22,57,33,47,27,54]",0.9999993311989979,0.9999983676895596,0.9999944012978257,0.4491388998364085,0.22741747190171296,0.925,"[8,16,14,12,11,19]",46.551333663197624
11603,1,True,0.7982489826717879,[240],0.9999997609661697,0.9999995754143506,-0.9999998632669229,1.0011178239513812,0.9945853863144312,0.825,[80],44.57116737947309
11603,2,True,0.5427111591095989,"[144,96]",0.9999999341422385,0.999999875948448,0.9999997892683964,0.8285096117716597,0.7682797935133949,0.825,"[50,30]",56.10091154346924
11603,3,True,0.22364565876670478,"[60,86,94]",0.9999999354031752,0.9999999172622274,0.9999997864879206,0.6705366445194736,0.3490379244004166,0.825,"[29,26,25]",-52.530386723300865
11603,4,True,0.125265695355694,"[61,49,67,63]",0.9999999464329236,0.9999999338232988,0.9999998292224866,0.5900077860671766,0.31914340404375974,0.825,"[16,28,19,17]",-87.50845706462428
11603,5,True,0.08503301630561362,"[49,39,60,41,51]",0.9999999562627926,0.9999999239470565,0.9999998181967754,0.4913384294629997,0.17518695264941847,0.825,"[24,11,12,16,17]",-76.35170219431075
11603,6,True,0.06299878369662094,"[27,37,43,49,35,49]",0.999999965563681,0.9999999538574185,0.9999998535388526,0.3892712800480102,0.13070343392599354,0.825,"[13,11,8,23,11,14]",-44.2013678655112
11882,1,True,0.5319193280334455,[240],,,,1.0004007373117545,0.9991798005037507,0.6,[80],-52.85172502153944
11882,2,True,0.31975965336948436,"[169,71]",0.9960841523009364,0.994207251747371,0.983433483591152,0.839102520404207,0.3313664634190367,0.6,"[58,22]",-70.86091550347663
11882,3,True,0.11173480925999911,"[115,66,59]",0.9955192417229551,0.9950107541716359,0.9762097774429039,0.5840149612896041,0.22986859547697078,0.6,"[35,15,30]",-219.07469783573515
11882,4,True,0.06491026164626935,"[30,114,54,42]",0.9965471623475634,0.996761003357274,0.9873329371319552,0.4708511580655156,0.16418478188610852,0.6,"[10,32,26,12]",-245.2919734780878
11882,5,True,0.04586998947025338,"[113,31,33,24,39]",0.9973994384305457,0.9940514981188364,0.9752102361034687,0.43994823118276677,0.14317560344978636,0.6,"[32,8,11,13,16]",-224.4865491889002
11882,6,True,0.03464839083450799,"[113,31,21,20,30,25]",0.9976857941146806,0.9924207260438949,0.9819672107958988,0.38398109731940533,0.15712544221060448,0.6,"[33,15,8,9,7,8]",-187.68876045927368
12358,1,True,0.7624019467471255,[240],,,,0.9999994900581698,0.9956534301677064,0.675,[80],33.543971052265675
12358,2,True,0.5399259002249485,"[98,142]",0.9999979750111433,0.9999939744493119,0.9984971209696359,0.8139775194660223,0.7267265231858575,0.675,"[26,54]",54.86603120879576
12358,3,True,0.15210935754365462,"[90,58,92]",0.9999989959984006,0.9999982080843302,0.9999895965121355,0.5036164416300873,0.24997667078899666,0.675,"[27,26,27]",-145.04155452420372
12358,4,True,0.07086812572617344,"[54,70,57,59]",0.9999993702986634,0.9999984570844669,0.9999939171455878,0.4112452725853599,0.18200258796845867,0.675,"[19,21,26,14]",-224.21636390679953
12358,5,True,0.046072062993457445,"[58,35,50,40,57]",0.9999994884720691,0.9999987152432029,0.9999925023831571,0.39357388109226643,0.17254670804896327,0.675,"[26,12,15,10,17]",-223.43158636484668
12358,6,True,0.03078238250949755,"[31,57,42,35,41,34]",0.9999995414919891,0.9999991681405094,0.9999972213313192,0.272037568539293,0.11332325820088138,0.675,"[7,26,11,11,11,14]",-216.08286144632336
15071,1,True,0.9854387477870497,[240],0.9999946577538344,0.9999867875293897,-0.9999954547331695,0.9975020226397735,0.9912105331589041,0.85,[80],95.13110675805211
15071,2,True,0.7475108813030497,"[127,113]",0.999997622244821,0.9999977745527624,0.9999864446806366,0.8630289220736181,0.9524784352534368,0.85,"[49,31]",132.94210010859211
15071,3,True,0.561718655245947,"[66,96,78]",0.9999978620229608,0.9999973282788867,0.9999936838176593,0.7816160296009352,0.7080754792575296,0.85,"[33,23,24]",168.49477941629561
15071,4,True,0.28411860196681266,"[51,60,63,66]",0.9999981804829998,0.9999982737682818,0.9999969863980213,0.5722424297214094,0.4694433809019919,0.85,"[30,14,22,14]",109.04067554562852
15071,5,True,0.17934214865408762,"[29,38,43,71,59]",0.9999995291209609,0.9999993524469601,0.9999979006059019,0.6064908347296956,0.4018758286118501,0.85,"[10,20,13,24,13]",102.74969416225201
15071,6,True,0.11175221735006849,"[52,55,41,28,38,26]",0.9999997570466261,0.9999994178482507,0.9999979441684081,0.49798006742376366,0.1781343268004336,0.85,"[17,16,9,9,19,10]",93.35910946727745
15332,1,True,0.7756354131843951,[240],0.2903263206583144,0.22545127790934244,-0.05162573714306017,0.9997031017533584,0.9947358247139737,1.0,[80],37.67405320252207
15332,2,True,0.5853394346371741,"[72,168]",0.7720115880480866,0.6279489380959344,0.08305269899695075,0.838835764277924,0.7993394984975131,1.0,"[16,64]",74.24843139492774
15332,3,True,0.4447613100804448,"[65,71,104]",0.975303785145214,0.9645821142496178,0.5338670650476824,0.7919028593526061,0.5381444782198611,1.0,"[21,21,38]",112.46357429232077
15332,4,True,0.28769963920160924,"[68,54,40,78]",0.9959179866212757,0.9949606109674557,0.919554769688865,0.6154649210970446,0.4329831267349291,1.0,"[20,20,14,26]",112.04673624970303
15332,5,True,0.19111058347673662,"[47,62,36,56,39]",0.9982482851110744,0.9941799683581356,0.958415877057778,0.6179417074358438,0.43162822663158784,1.0,"[14,17,19,21,9]",118.00332742001677
15332,6,True,0.13918083202382617,"[42,36,34,37,47,44]",0.9993538952637184,0.9984294291631898,0.9801393479193784,0.5272647410425982,0.3800930110504095,1.0,"[11,16,7,12,15,19]",146.0367003676302
18559,1,True,1.0151090486682146,[240],0.4031522529724299,-0.615308047491885,-0.7612307223642789,1.003775201786673,0.9983880481250438,0.875,[80],102.2505511403972
18559,2,True,0.888167540007885,"[87,153]",0.9795798073118266,0.9863391843097915,-0.004347841161472715,0.8239857921355852,0.9584745285179015,0.875,"[28,52]",174.32086833819326
18559,3,True,0.6577692913509215,"[81,81,78]",0.9661950565940454,0.9388641889797975,0.628835449748967,0.8413610889427304,0.9133375583004719,0.875,"[26,25,29]",206.37953246251567
18559,4,True,0.4186097810119703,"[59,56,77,48]",0.9875866376685798,0.9753135007997982,0.9020766095737807,0.6633343756875931,0.7156152953774156,0.875,"[23,21,22,14]",202.05205447478252
18559,5,True,0.2604859894888047,"[50,51,66,38,35]",0.9829660042120617,0.9833026559420318,0.8767747530344494,0.5908976078839965,0.5336759375206324,0.875,"[18,20,22,12,8]",192.33057022115622
18559,6,True,0.18758748174656173,"[20,40,67,33,24,56]",0.993113641194781,0.991479992860508,0.9755909357559679,0.5913236110602774,0.472994321333132,0.875,"[5,13,31,9,6,16]",217.6698048017342
18637,1,True,0.6993916883815816,[240],,,,1.0000689574708856,0.9982803298975329,0.65,[80],12.84085941608464
18637,2,True,0.4317664729144324,"[156,84]",0.9999999866602522,0.9999999778414956,0.9999999609267936,0.8192328369986965,0.5981586007410253,0.65,"[55,25]",1.2147420379602352
18637,3,True,0.17209685507581782,"[83,83,74]",0.9999999748214607,0.9999999893456787,0.9999999487867715,0.541859871501156,0.21691588889120156,0.65,"[25,25,30]",-115.41170423290083
18637,4,True,0.09824442937434151,"[73,50,73,44]",0.99999998192394,0.9999999773523107,0.9999999269922695,0.5036881618739811,0.16420098008242984,0.65,"[19,18,28,15]",-145.82329554619162
18637,5,True,0.059642225517697614,"[39,49,73,43,36]",0.9999999875609461,0.999999986057269,0.999999946801285,0.46264360440445595,0.14892815820837846,0.65,"[13,13,28,8,18]",-161.47389494786512
18637,6,True,0.05018715536097957,"[39,41,27,34,26,73]",0.9999999861182751,0.9999999812327017,0.9999999385148711,0.4125942702763702,0.15635413763074257,0.65,"[9,13,11,10,8,29]",-98.7668787010233
19119,1,True,0.794805052126777,[240],,,,0.9999882931881565,0.9983819374547085,0.9,[80],43.533481776368205
19119,2,True,0.5189394411382166,"[147,93]",0.9999709880063825,0.9999446368923856,0.9999080987124617,0.8130458170958447,0.9239576832344661,0.9,"[47,33]",45.35129943588095
19119,3,True,0.2227444473204379,"[96,82,62]",0.9999727207139495,0.9999661801566275,0.9998987179882166,0.5278518648461382,0.4472994491929143,0.9,"[31,32,17]",-53.49945408395996
19119,4,True,0.13220498529668184,"[44,76,64,56]",0.9999753989953926,0.9999609990316098,0.9999042652495869,0.5197787288485718,0.4105015078999159,0.9,"[18,22,26,14]",-74.5684748325238
19119,5,True,0.08002928290512186,"[36,46,54,50,54]",0.9999779382727247,0.9999446441342358,0.9998570573399171,0.479711650023771,0.3880396435343104,0.9,"[17,13,19,20,11]",-90.90698319845626
19119,6,True,0.049670885232846886,"[45,54,38,30,37,36]",0.9999857695942163,0.9999809377558357,0.9999022917618177,0.34093367775533545,0.1995447974929957,0.9,"[17,9,10,16,13,15]",-101.24852031939838
19633,1,True,0.9039987251482138,[240],0.7335666354658567,0.8031918764512259,0.41439768069549965,0.9994329997066167,0.822005409228665,1.0,[80],74.42894170210023
19633,2,True,0.556086144223487,"[135,105]",0.8634268864603313,0.8244163672413036,0.5929265693666973,0.9973071698776271,0.6897068438342224,1.0,"[46,34]",61.943945504672115
19633,3,True,0.43715170315893687,"[64,108,68]",0.9155531168370287,0.8524026004481956,0.6713012094696431,0.996407590258,0.6429992834303297,1.0,"[19,36,25]",108.32178035244607
19633,4,True,0.3687219083932289,"[70,27,86,57]",0.9376709754828544,0.9221242128033444,0.7069023841449233,0.7646786732448215,0.5780277544544775,1.0,"[20,10,30,20]",171.59690608460193
19633,5,True,0.30463522815628763,"[63,30,48,22,77]",0.9461880555031326,0.9313537984966282,0.8381778757858952,0.6228847086144692,0.5331409972163994,1.0,"[20,8,17,5,30]",229.9064128630555
19633,6,True,0.25749176559638337,"[39,43,47,60,23,28]",0.9479239022768339,0.9182588582095881,0.825676556175601,0.6152922955619573,0.48592694950444976,1.0,"[13,17,16,20,4,10]",293.6879893001727
22738,1,True,0.7843365079233439,[240],,,,1.0002426106817324,0.9997006428676043,0.8875,[80],40.351389076955975
22738,2,True,0.5744644277851002,"[78,162]",0.9999998708645699,0.9999998254271043,0.9999944084510055,0.8621379837721141,0.9761400336594495,0.8875,"[18,62]",69.74753564185664
22738,3,True,0.34459797645201673,"[96,61,83]",0.9999998464942884,0.9999998396348755,0.9999986001147991,0.5726934438686759,0.6257823933659404,0.8875,"[38,28,14]",51.22534121027249
22738,4,True,0.23642303445899765,"[58,61,71,50]",0.9999999165980543,0.9999999357127098,0.9999958703301572,0.705042154030358,0.5264033897406799,0.8875,"[27,22,15,16]",64.93610492092671
22738,5,True,0.15233661173682173,"[46,33,63,55,43]",0.9999997956995232,0.9999996289774613,0.9999949746125396,0.49511033765721346,0.4027180822662826,0.8875,"[21,19,12,10,18]",63.581021416705994
22738,6,True,0.09540211302764033,"[33,37,51,40,31,48]",0.9999999277089893,0.999999647191083,0.999994491347778,0.6110544395927594,0.41190571759054906,0.8875,"[17,14,11,8,10,20]",55.395105944886495
26188,1,True,0.8300782429778074,[240],0.3186813741501377,0.15001800747110566,-0.21534603140658945,0.9997752454285195,0.9952242110184993,0.9125,[80],53.95502526338565
26188,2,True,0.5667130018088393,"[152,88]",0.9868162616046879,0.9733493994873421,0.2988281858368491,0.7641780572627136,0.8436438571041522,0.9125,"[50,30]",66.4870946314617
26188,3,True,0.3345388667338902,"[71,89,80]",0.999639033772469,0.9977077523638642,0.820847338962167,0.5916563684975897,0.5652225989666608,0.9125,"[25,35,20]",44.115248673680355
26188,4,True,0.2843229717582671,"[61,36,74,69]",0.9995346773871644,0.9978602203818244,0.9397010070679509,0.6729862256422301,0.6575841974027932,0.9125,"[26,13,19,22]",109.21324825786337
26188,5,True,0.18285781823174946,"[80,62,37,29,32]",0.9996750677944451,0.9985217334831313,0.9814789887460467,0.6080196819452919,0.459888697761614,0.9125,"[25,13,19,7,16]",107.4089281519723
26188,6,True,0.10823285416707779,"[52,27,49,30,49,33]",0.9999295788876206,0.9995575445669167,0.978265818749175,0.5124668523348425,0.42140789060401573,0.9125,"[11,14,12,4,23,16]",85.67932256700897
